PT명사개수,PT관련명사,PT서술어개수,PT관련서술어,검도명사개수,검도관련명사,검도서술어개수,검도관련서술어,기구필라테스명사개수,기구필라테스관련명사,기구필라테스서술어개수,기구필라테스관련서술어,다빈치바디보드명사개수,다빈치바디보드관련명사,다빈치바디보드서술어개수,다빈치바디보드관련서술어,등산명사개수,등산관련명사,등산서술어개수,등산관련서술어,라틴댄스명사개수,라틴댄스관련명사,라틴댄스서술어개수,라틴댄스관련서술어,매트필라테스명사개수,매트필라테스관련명사,매트필라테스서술어개수,매트필라테스관련서술어,뮤직복싱명사개수,뮤직복싱관련명사,뮤직복싱서술어개수,뮤직복싱관련서술어,바차타명사개수,바차타관련명사,바차타서술어개수,바차타관련서술어,발레명사개수,발레관련명사,발레서술어개수,발레관련서술어,발레핏명사개수,발레핏관련명사,발레핏서술어개수,발레핏관련서술어,방송댄스명사개수,방송댄스관련명사,방송댄스서술어개수,방송댄스관련서술어,번지댄스명사개수,번지댄스관련명사,번지댄스서술어개수,번지댄스관련서술어,번지요가명사개수,번지요가관련명사,번지요가서술어개수,번지요가관련서술어,번지피트니스명사개수,번지피트니스관련명사,번지피트니스서술어개수,번지피트니스관련서술어,복싱명사개수,복싱관련명사,복싱서술어개수,복싱관련서술어,볼링명사개수,볼링관련명사,볼링서술어개수,볼링관련서술어,빈야사명사개수,빈야사관련명사,빈야사서술어개수,빈야사관련서술어,사이클명사개수,사이클관련명사,사이클서술어개수,사이클관련서술어,살사명사개수,살사관련명사,살사서술어개수,살사관련서술어,서핑명사개수,서핑관련명사,서핑서술어개수,서핑관련서술어,소도구필라테스명사개수,소도구필라테스관련명사,소도구필라테스서술어개수,소도구필라테스관련서술어,수상스키명사개수,수상스키관련명사,수상스키서술어개수,수상스키관련서술어,수영명사개수,수영관련명사,수영서술어개수,수영관련서술어,스피닝명사개수,스피닝관련명사,스피닝서술어개수,스피닝관련서술어,아쉬탕가명사개수,아쉬탕가관련명사,아쉬탕가서술어개수,아쉬탕가관련서술어,아쿠아로빅명사개수,아쿠아로빅관련명사,아쿠아로빅서술어개수,아쿠아로빅관련서술어,아쿠아바이크명사개수,아쿠아바이크관련명사,아쿠아바이크서술어개수,아쿠아바이크관련서술어,아쿠아테크명사개수,아쿠아테크관련명사,아쿠아테크서술어개수,아쿠아테크관련서술어,암벽등반명사개수,암벽등반관련명사,암벽등반서술어개수,암벽등반관련서술어,에어로빅명사개수,에어로빅관련명사,에어로빅서술어개수,에어로빅관련서술어,에이리얼후프명사개수,에이리얼후프관련명사,에이리얼후프서술어개수,에이리얼후프관련서술어,요가명사개수,요가관련명사,요가서술어개수,요가관련서술어,요가쿠아명사개수,요가쿠아관련명사,요가쿠아서술어개수,요가쿠아관련서술어,인요가명사개수,인요가관련명사,인요가서술어개수,인요가관련서술어,자이로토닉명사개수,자이로토닉관련명사,자이로토닉서술어개수,자이로토닉관련서술어,재즈댄스명사개수,재즈댄스관련명사,재즈댄스서술어개수,재즈댄스관련서술어,점핑피트니스명사개수,점핑피트니스관련명사,점핑피트니스서술어개수,점핑피트니스관련서술어,조깅명사개수,조깅관련명사,조깅서술어개수,조깅관련서술어,주짓수명사개수,주짓수관련명사,주짓수서술어개수,주짓수관련서술어,줌바명사개수,줌바관련명사,줌바서술어개수,줌바관련서술어,크로스핏명사개수,크로스핏관련명사,크로스핏서술어개수,크로스핏관련서술어,키네시스명사개수,키네시스관련명사,키네시스서술어개수,키네시스관련서술어,타바타명사개수,타바타관련명사,타바타서술어개수,타바타관련서술어,탱고명사개수,탱고관련명사,탱고서술어개수,탱고관련서술어,트램폴린명사개수,트램폴린관련명사,트램폴린서술어개수,트램폴린관련서술어,파운드핏명사개수,파운드핏관련명사,파운드핏서술어개수,파운드핏관련서술어,패들보드명사개수,패들보드관련명사,패들보드서술어개수,패들보드관련서술어,패들핏명사개수,패들핏관련명사,패들핏서술어개수,패들핏관련서술어,펜싱명사개수,펜싱관련명사,펜싱서술어개수,펜싱관련서술어,폴댄스명사개수,폴댄스관련명사,폴댄스서술어개수,폴댄스관련서술어,플라잉명사개수,플라잉관련명사,플라잉서술어개수,플라잉관련서술어,플라잉요가명사개수,플라잉요가관련명사,플라잉요가서술어개수,플라잉요가관련서술어,플라잉필라테스명사개수,플라잉필라테스관련명사,플라잉필라테스서술어개수,플라잉필라테스관련서술어,필라테스명사개수,필라테스관련명사,필라테스서술어개수,필라테스관련서술어,필록싱명사개수,필록싱관련명사,필록싱서술어개수,필록싱관련서술어,하타요가명사개수,하타요가관련명사,하타요가서술어개수,하타요가관련서술어,핫요가명사개수,핫요가관련명사,핫요가서술어개수,핫요가관련서술어,헬스명사개수,헬스관련명사,헬스서술어개수,헬스관련서술어,힙레명사개수,힙레관련명사,힙레서술어개수,힙레관련서술어
164,헬스,13,많은,2051,검도,75,좋아요,4581,필라테스,107,들,2875,필라테스,113,다양한,1029,등산,70,좋아요,3275,살사,108,배우기,4612,필라테스,94,들,7851,복싱,148,죽전,3096,살사,99,배우기,3484,발레,72,좋아요,4864,발레,105,좋아요,538,반,91,와와,9140,번지,287,피지오,5139,번지,108,피지오,4697,번지,298,피지오,4275,복싱,61,좋아요,3208,볼링,365,볼러,488,필라테스,349,아쉬,1026,사이클,127,타는,3195,살사,90,배우기,2396,서핑,57,배우기,5112,필라테스,391,메디,1206,수상스키,277,빠지,1339,수영,58,좋아요,1042,헬스,159,좋아요,765,수련,1204,아쉬,1435,아쿠아로,104,좋아요,607,아쿠아,10,좋은,141,아쿠아,7,건강한,700,암벽등반,1328,클라,1594,에어로빅,96,하러,142,후프,12,잼있다,592,필라테스,95,좋아요,310,보드,487,썹,1366,인요,385,아쉬,3594,필라테스,1141,자이로,1444,재즈,121,나를,5745,점핑,249,허,976,조깅,61,좋아요,3256,짓,73,좋아요,1059,바,52,좋아요,2006,핏,49,좋아요,1389,키네시스,147,자이로,1438,다이어트,75,필록,2344,탱고,71,좋은,438,맘,77,신나게,1127,핏,310,필록,1842,보드,131,썹,14,핏,6,썹,2603,펜싱,66,좋은,3744,폴,73,좋아요,2579,플라잉,109,하시,1835,플라잉,98,좋아요,1905,플라잉,171,다양한,19,필라테스,3,하게,2636,록,1609,필록,752,수련,327,아쉬,1209,핫요가,238,좋아요,953,헬스,110,좋아요,747,힙,76,열리는
102,다이어트,13,좋아요,522,검,68,좋은,1103,기구,89,좋은,1287,보드,101,감사합니다,398,산,65,좋은,1910,바차타,70,해주세요,770,매트,64,좋은,2204,다이어트,121,검단,2386,바차타,84,따,614,무용,65,감사합니다,1394,필라테스,102,예쁜,489,취미,85,챌,1879,플라이,281,빈야사,1491,플라이,95,아쉬,1723,필라테스,183,지피지오,1175,다이어트,41,배울수,599,볼링장,274,좋아요,472,수련,185,빈야사,1005,자전거,74,가,1964,바차타,79,따,490,보드,53,좋아요,755,소도구,88,다양한,612,웨이크,228,크,187,수영복,42,가,521,다이어트,81,들,587,필라테스,104,따뜻한,1387,빅,103,하면,395,바이크,7,나를,57,바이크,5,사는,451,볼더링,588,클,852,다이어트,71,좋아요,131,이리얼,8,날라,349,헬스,91,좋은,206,오션,105,많은,624,수련,138,좋은,2248,토닉,94,새로운,1155,폴,117,싶다면,1071,다이어트,104,들,529,러닝,52,가,2607,주,50,좋은,820,줌,49,들,1912,크로스,37,좋은,775,필라테스,86,좋아요,1210,타바타,64,건강한,287,아르헨티나,69,배우기,435,점핑,67,좋은,699,바,68,아름다운,1052,서핑,73,친절한,10,서핑,4,감사합니다,230,레슨,57,좋아요,244,프로필,44,좋은,1083,필라테스,100,크,1274,필라테스,96,들,1774,필라테스,153,배워,6,다이어트,2,좋아요,2463,싱,63,좋은,528,백석,98,따뜻한,1073,필라테스,202,아쉬,336,다이어트,107,챌,710,발레,46,자세한
83,필라테스,12,들,451,도관,49,즐거운,454,다이어트,74,좋아요,1262,다빈치,96,아름다,227,산행,58,커,859,동호회,68,보니,400,레슨,60,크,1487,뮤직,117,들,865,동호회,80,보니,414,취미,58,다양한,1234,핏,96,해주세요,397,힙합,85,다양한,1343,필라테스,261,지피지오,1242,필라테스,88,미,1235,오,90,들,473,체육관,39,들,413,팔,144,있을,356,레슨,87,좋은,527,로드,69,좋아요,804,동호회,76,보니,381,발리,47,좋은,416,레슨,82,들,595,스키,94,좋아요,166,팔,35,해서,499,팔,64,하면,581,백석,79,좋은,940,수영,81,빌리,100,수중,6,타는,43,테크,5,먹는,410,암벽,41,좋아요,681,헬스,57,눌러주세요,27,폴,7,어지럽다,298,다이어트,66,아쉬,170,한강,20,웃자,493,것,116,한,487,키네시스,60,좋은,1075,무용,78,다양한,686,점프,97,싶다면,424,다이어트,48,뛰,414,팀,35,즐겁게,560,헬스,31,챌,489,헬스,35,해서,497,메이플,66,좋은,835,복싱,60,들,248,땅,64,들,336,육아,44,먹고,569,록,66,좋은,463,제주,66,좋아,6,보드,3,좋은,152,스킬,53,배우기,224,다이어트,39,예쁜,355,번지,80,미,319,헬스,66,좋은,467,해먹,85,새로운,6,후드,2,들께,1042,필,45,들,438,필라테스,71,좋은,630,다이어트,73,다양한,270,팔,54,좋은,464,포레스티,42,이어
53,짐,9,해서,232,동검,45,감사합니다,349,레슨,68,많은,561,퀸,95,치를,194,겨울,35,미치다,575,취미,66,해보아요,330,기구,52,해서,947,짐,92,남은,543,취미,52,센,340,필라테스,57,보세요,478,취미,81,아름다,358,무용,80,좋아요,1003,오,192,짜는,927,플라잉,72,좋은,489,스튜디오,74,드리겠습니다,470,킥복싱,33,많은,343,티셔츠,75,털어치기,248,몸,56,들,495,딩,53,출,523,취미,45,좋아요,262,송정,40,따,389,메디,72,많은,573,보드,77,좋은,151,수영장,28,하면,355,짐,60,먹고,349,맘,68,한,674,헬스,67,들,60,나,6,하며,40,수중,5,아는,363,실내,39,챌,628,바,51,좋은,27,취미,4,미,201,샵,49,두고,153,패,13,좋은,409,몸,105,함께요,449,교정,48,많은,816,취미,70,꿈꾸는,359,시분,97,빼고,355,마라톤,48,좋은,384,다이어트,30,하면,232,다이어트,28,좋은,414,다이어트,32,크,383,사료,60,건강한,599,헬스,50,한,185,밀롱가,55,많은,276,헬스,43,들,568,줌,51,들,463,리조트,50,유일하게,6,아쿠아,2,웃으,144,대표,35,주는,220,대회,38,들,293,다이어트,73,좋은,297,다이어트,49,다양한,273,샵,85,어떻게,6,수익금,1,달라진,724,믹스,34,넘,359,맘,64,감사합니다,458,플라잉,69,소소한,263,필라테스,53,좋,452,벌,40,바꿀
39,피티,9,좋은,195,학교,39,검단,298,헬스,63,건강한,548,헬스,95,담다,193,백,25,좋,394,방콕,63,즐겁게,265,소도구,51,해주세요,871,킥복싱,82,하면,316,강습,47,들,214,복,43,들,442,무용,68,만드는,340,커버,56,걸리,963,플라잉,155,가더,524,산요,49,한,487,플라잉,70,어려울,323,권투,32,좋,265,프로,68,하면,235,힐링,56,좋아요,383,바이크,52,준다,307,강습,37,들,244,강습,34,꾸,385,기구,69,건강한,443,서핑,65,그램데,132,태연,28,했는데,325,필라테스,58,좋은,305,것,63,들,577,할인,59,좋은,57,수영,6,들,36,수영,5,좋은,344,등,39,져,603,복,48,갑니다,19,플라잉,4,하겠습니다,192,팔,45,들,129,힐링,13,되는,322,필라테스,93,많은,397,재활,47,들,674,발레,67,우아한,322,파티,94,싶지만,221,아침,46,헐,316,본주,27,노기,231,필라테스,28,감사합니다,172,역도,30,섹시한,375,토닉,40,움직이는,528,핏,46,다양한,179,취미,42,푸,263,다이어트,43,좋아요,554,싱,50,된다,410,제주도,46,즐길수,3,패,1,하지요,132,국가,29,감사합니다,216,취미,36,넘,220,헬스,67,들,207,번지,48,감사합니다,229,레슨,82,낮은,5,구미,1,들고,668,필라테스,28,감사합니다,351,것,62,되는,401,아메리카,58,들,162,짐,47,하면,420,꼬끄,38,되는
35,팔,8,몰,180,팔,38,많은,281,점,52,해서,537,고투,94,더하다,172,눈,25,해서,365,강습,57,따,234,다이어트,47,하며,480,정통,79,좋은,307,강남,38,좋아요,193,팔,43,빠른,416,레슨,68,전화하기,322,춤,42,많은,637,목동,145,아쉬,459,삼각지,45,들,419,플라이,63,남겨주시면,260,울산,32,하면,221,티,64,해주세요,230,것,45,많은,338,라이,51,만나,300,쿠바,34,센,228,파도,30,한,371,다이어트,60,높은,383,수상,64,멋져요,120,소녀,27,입고,218,점,55,해서,282,나,60,많은,482,주민,58,해서,48,수영장,6,신나게,34,수영장,4,보니,269,라임,24,해서,579,줌,37,쥔,16,스카이,4,성공해야,178,백,42,다양한,121,수영장,12,즐길,296,소마,91,하며,350,레슨,44,보세요,501,반,66,자라면,321,슈즈,88,신나는,208,런닝,41,먹고,289,동주,26,감사합니다,148,장,27,죽전,165,복싱,29,챌,338,팀,40,들,486,구미,46,하면,161,춤,38,즐거운,242,아기,42,가볼만,311,우지인,39,즐거운,404,스쿠버,39,편안한,2,패들링,1,보내고,128,체육,28,하면,209,연맹,33,나를,202,울산,59,좋아요,195,레슨,46,아쉬,225,몸,78,배우고,4,시즌,1,찾아올게요,627,다이어트,27,좋아요,331,개인,57,하지,391,증가,58,보내,124,식단,46,들,405,르,37,다양한
35,식단,8,하면,174,초등,34,좋,272,교정,49,크,472,화명동,86,좋은,170,패킹,24,좋다,354,다이어트,54,꾸준히,232,점,47,않도록,477,헬스,76,하러,280,춤,38,미치리,169,핏,42,아름다운,366,스튜디오,68,누르시면,288,오디션,41,와,602,다이어트,143,희,451,다이어트,45,알려,390,다이어트,62,센,257,주,31,다양한,220,키,57,알려,219,나,44,한,246,덕,47,보실,276,강남,34,좋은,176,캠프,29,감사합니다,328,교정,59,좋은,372,펜션,64,이뻐요,119,시대,27,좋,218,장,53,먹,279,개인,56,하지,420,스포츠센터,57,썬,43,물,4,쉽게,27,물,4,들,140,취미,21,따뜻한,333,신혼,37,즐거운,16,촬영,4,행복해야,164,몸,41,건강한,119,필라테스,11,돼,294,명상,90,따뜻한,307,트레이닝,43,건강한,494,직장,66,우아하다,269,머신,80,좋은,175,팔,38,좋다,274,킥복싱,25,좋,134,핏,21,좋습니다,147,짐,28,싶은,322,닥터,36,크,462,짐,42,좋은,134,남미,37,한,233,아들,41,해서,272,다이어트,35,신나게,354,샵,39,입고,2,필라테스,1,잊지,128,집사부,23,하는인의,163,쌤,32,감사합니다,198,맘,52,만나는,188,개인,40,해서,211,동안,78,먹은,4,사업,1,재밌어,607,경기,26,되는,303,레슨,55,들,366,팔,56,드리고,114,피티,39,많은,369,시티,36,한
35,트레이너,8,깨우기,172,대한검도회,29,검도단,242,개인,45,다양한,395,핏,72,자이로,164,팔,24,한,351,춤,49,맞춰서,213,개인,46,건강한,410,중,66,신나는,262,소셜,33,좋아하고,153,교정,41,좋은,354,다이어트,66,자세한,287,팔,39,들,578,탄츠,94,미,369,마스터,42,새로운,313,중마동,61,짜는,237,짓,28,좋은,210,볼러,51,본,207,플라잉,44,감사합니다,223,수영,37,디져,239,춤,31,많은,167,샵,27,미치다,277,개인,58,따라,297,팔,63,져,106,점,26,한,189,선,46,많은,266,레슨,49,되는,407,학생,45,감사합니다,42,밸리,4,않아요,26,밸리,3,챙겨,139,울산,20,좋은,249,장,35,들,16,프로필,3,해서,160,발레,39,젊,119,서핑,11,해서,291,가요,80,감사합니다,293,센터,42,자세한,390,힙합,65,할수있습니다,268,반,78,새로운,149,식단,37,뜀,236,격투기,23,클,112,센터,21,건강한,131,팔,23,한다,317,샵,35,해서,322,교정,40,많은,129,부에노스아이레스,36,멋진,212,집,40,많은,258,필,33,신나고,288,세부,36,커,2,제주도,1,않으시는,119,팔,18,되는,163,스튜디오,31,필리,182,기구,48,피지오,178,점,33,많은,209,다이어트,76,봤다,3,룩스,1,좋아,545,바레,25,먹고,299,몸,55,하게,353,안양,48,좋은,107,챌린지,34,크,334,핏,28,와
30,장,8,크,135,체육,27,하면,197,체형,45,해주세요,386,평택,66,많은,153,등,22,하면,267,텐션,44,들,200,헬스,46,아쉬,352,풍동,62,멋짐,214,다이어트,26,댄,149,스튜디오,39,많은,347,교정,61,들,247,직장,38,먹,577,핏,71,드세요,347,아메리카,42,해보세요,284,바,54,미,232,격투기,27,아니야,204,링스타,49,커,199,가요,43,해주세요,223,인종,35,좋은,235,소셜,31,감사합니다,156,고성,26,팜,271,점,58,아쉬,271,키,62,그램오오,97,나,26,좋은,172,센터,45,필리,238,몸,48,감사합니다,403,수영장,37,많은,41,레포츠,4,즐기는,25,레포츠,3,해주세요,131,산,20,하면,211,발레,31,춤추는,13,내,3,연결하는게,154,맘,36,해왔습니다,102,최지원,10,들,285,나,74,되는,287,기구,42,감사합니다,380,춤,60,갑니다,243,천안,74,없음,142,러너,37,먹,221,도복,22,들,111,무인,20,하겠습니다,109,점,22,한,257,스토리,34,넘,292,바,34,되는,127,음악,30,해서,198,제주,38,트니,246,스캣,33,되는,283,보라카이,35,가볼만,2,워너,1,나눠주셔서,115,방향제,17,많은,159,반,31,자세한,172,호평,46,감사합니다,178,기구,30,먹고,209,워크,76,빼고,3,점,1,이뻐,358,바이,23,하면,288,나,53,빈야사,337,점,44,빈야사,105,핏,28,해서,285,웰,27,들으며
27,시리즈,7,먹고,135,해동검도,27,단련,193,몸,45,메디,374,다이어트,66,부산해운,131,캠핑,21,먹,251,영어,42,해서,182,교정,45,하다,306,매탄,58,살빼기,213,파티,24,해서,141,유아,39,예쁜,292,스트레칭,46,좋은,239,다이어트,38,즐겁게,546,핫요가,70,들,327,필라,42,어떤,283,번,50,챌,231,헬스,25,하는거야,180,연습,48,되며,193,빈,40,하며,221,팔,35,보세요,226,다이어트,30,즐거운,156,양양,24,많은,262,플라잉,55,의한,254,레저,55,하지,95,써니,25,미단,163,중,39,건강한,231,가요,47,해서,322,주례,33,먹고,40,리더스,4,넘,17,마곡,3,나왔어요,122,체험,20,다르던데,181,필라테스,30,잼있는,13,생활,3,부족했나,153,나,33,해서,100,실장,9,즐기는,268,샵,68,한다,262,청담,41,받으세요,355,아트,60,특별한,221,모집,68,신나게,137,헬스,37,뛰고,204,짐,22,하겠습니다,111,짐,20,많은,100,팀,22,와,221,피티,33,얼라인,282,테라,33,감사합니다,115,아사도,29,새로운,178,개월,37,가,218,필라테스,33,감사합니다,267,카이트,35,써,2,제주,1,즐기세요,112,마스크,15,함께하세요,157,점,30,해서,165,호평동,43,믿고,176,김포,30,보내셨나요,193,시퀀스,76,되는지,3,눈,1,버렸,355,넉,20,열릴,210,아사,51,한다,254,교정,43,많은,102,기구,25,먹,280,레,26,신나는
27,기구,6,드리겠습니다,130,아들,25,해서,153,중,40,않도록,345,토닉,64,들,125,나,20,참,235,댄스스포츠,36,많은,162,몸,40,메디,305,관장,57,신난다,209,에버,24,많은,140,중,37,해주세요,254,방문,45,보세요,237,팝,35,셀기,485,핫,64,보세요,316,추가,41,보세요,259,핏,46,좋은,230,짐,25,놓치지,157,텐,48,있,191,플로우,37,다양한,218,철,33,한다,203,영어,27,댄,153,바다,22,새로운,257,재활,53,좋아요,252,패션,46,싸,94,윤아,24,많은,146,나,38,가,228,헬스,41,좋아요,322,노원,27,빌,39,트레드밀,4,보소,16,법,3,한,119,등산,19,들,180,힙합,30,쎄오,13,에이리얼,3,봐,150,플라잉,31,해주세요,100,미소,9,하러,265,워크,66,하지,225,창업,35,해보세요,352,복,58,지겹고,216,제주,65,많은,128,마스크,35,오르기,191,체육관,19,짓수,101,점,19,다양한,96,박스,22,잇,194,반려,30,되는,257,줌,29,먹고,114,나,27,쓰,177,엄마,33,들에게,155,서산,32,많은,261,센터,31,살자,2,아쿠,1,만들어주셔서,111,유도,14,들,137,웨어,26,타는,159,스튜디오,41,아쉬,156,스튜디오,28,하면,188,서커스,75,익숙하다,3,인바디,1,먹고,355,아웃,20,특별한,197,오창,49,하며,223,개,36,되는,101,점,24,먹고,202,서울숲,26,넘나
25,트레이닝,6,감사합니다,124,관장,25,베기,140,센터,39,들의,339,트레이닝,47,하면,112,것,20,들,229,파티,35,받으세요,160,중,38,감사합니다,302,점,49,재밌고,202,영어,23,넘,136,다이어트,28,참,223,팔,42,건강하고,234,줌,35,해주세요,477,발레,63,알려,314,용산,41,빈야사,253,헬스,46,하다,204,팔,24,해서하는게,154,자세,47,뽑겠습니다,190,개인,34,나를,188,러닝,32,많은,196,파티,26,해서,152,서퍼,22,크서,222,자세,45,해주세요,245,원스,42,가,93,티파니,24,하느냐,146,폴,36,마세요,213,플라잉,40,산단,316,아쿠아,25,넘,39,아쿠,4,되는,15,점프,3,맞춰,107,문제,19,크,177,전주,29,해서,10,저장,3,않아,132,수련,29,많은,96,플러스,8,신나게,238,개인,62,하게,216,스튜디오,34,느끼고,351,예술,58,괴롭고,196,점,63,몰,110,미세먼지,31,가볍게,182,팔,19,많은,81,팔,18,해서,92,트레이닝,21,다양한,179,근육,30,좋,250,필라테스,28,해서,112,것,27,미치다,169,딸,33,뛰고,134,헬스,32,멋진,246,패,31,먹,2,아패,1,유익한,110,석고,14,받으세요,133,필라테스,25,해야,157,향수,39,입니,153,연휴,28,미,176,토요일,63,죽전,3,팔,1,시키면서,311,핏,19,하자,191,헬스,49,한,202,명,36,대,98,장,19,해주세요,195,힙합,24,좋은
21,홈,6,따라,124,다이어트,20,하겠습니다,135,이벤트,38,하면,293,플라잉,46,메디,107,트레,19,많은,212,활동,35,잘추는,151,핏,37,예쁜,284,와코,45,특별히,180,텐션,23,즐거운,133,반,27,바른,214,입시,40,하면,227,복,34,좋은,466,국제,62,새로운,311,국제,39,꿀까,226,기구,40,좋아요,187,팀,24,잼있으니까,151,투,47,드립니다리,188,다이어트,33,건강한,180,다이어트,32,하며,171,텐션,26,미치리,145,트립,21,걷는,217,몸,45,정확한,226,옷,37,즐거운,93,효연,23,미,137,보험,35,챌,212,교정,39,한다,249,팔,24,했는데,37,라이더,4,즐겨,14,중,3,빠져,96,짐,18,한,171,부부,29,집전주,8,맘속,2,나도,117,거,28,하면,94,카카오,8,된서,226,내,56,나를,183,아치,31,되는,346,스토어,58,특별하게,192,만,63,싸,106,나,30,하면,176,벨트,18,입고,78,봉선동,17,하면,91,업,20,감사합니다,176,몸,28,많은,244,양재,27,좋아요,109,레슨,27,좋아요,168,아이,32,가득하시길,133,제천,29,신나는,215,다이빙,31,좋은,2,천,1,신나는,103,인생,14,멋진,117,팔,23,했는데,155,나,38,듣는,153,팔,28,하러,173,것,62,좋은,3,중,1,푸,310,바,19,뛰다,185,가요,46,따,199,제주,36,건강한,91,중,19,만들어,194,바,24,함께한
21,개인,6,한,120,도장,19,참,133,자세,34,하지,251,장,44,깨끗한,106,정상,19,보니,204,쌤,28,멋진,149,재활,37,많은,252,동탄,45,편히,166,활동,22,해주세요,132,입시,27,아름다,210,자세,37,드릴게요,225,바,30,배우기,454,마스터,59,좋은,306,용산구,37,다양한,223,교정,38,감사합니다,181,트레이닝,24,흘리며,149,리그,47,남겨주세요,177,소마,32,하지,160,팀,28,들,169,활동,23,해주세요,134,속초,20,즐거운,198,맘,44,있으니,219,남양주,36,하겠습니다,90,다이어트,23,먹고,129,쌤,34,만들어,197,피티,39,하다,232,다이어트,23,좋다,35,점프,4,보세요,14,아쿠아로,3,다양한,95,클라이머,18,다양한,159,쌤,27,먹고,8,블라디보스톡,2,좋은,115,가방,28,한,93,자유,8,마친,221,우리,54,좋아요,175,강서구,28,좋아요,305,바,57,눌러주세요,188,중,58,뛰고,106,홈,29,한,175,울산,18,해서,63,피티,17,보세요,90,장,20,들,156,웰,26,감사합니다,233,동탄,26,하겠습니다,107,왈츠,26,보세요,152,점프,32,좋아하는,128,호텔,29,즐겁게,204,렌탈,27,엄청난,2,삼,1,하시는데도,99,상승,13,오셔서,115,접수,23,그립,152,몸,33,보세요,147,해먹,26,하지,168,핏,59,키우고,3,헬스,1,들이,290,줌,19,걸리면,183,피티,46,많은,193,헬스,33,즐겁고,91,트레이닝,19,한,171,글로벌,24,가
21,군산,6,하러,117,중,19,한,130,재활,33,하며,228,소도구,43,되는,105,킹,19,한다,200,소셜,28,좋아요,146,자세,37,다양한,248,팔,42,놓치지,152,파타야,22,좋은,132,동탄,24,아닌,202,예약,35,해보세요,206,노래,30,쉽고,443,플,54,해보세요,302,제공,37,되는,220,탄츠,36,해서,141,부천,24,검단,149,램,47,끝난,148,테라,31,함께요,145,나,27,와,152,파타야,20,까사,128,롱,20,크,185,센터,44,않도록,214,제트,35,먹,87,수모,23,되는,127,바,29,아닌,193,스튜디오,37,나를,200,영장,23,한,34,마곡,4,않는,13,엠,3,꾸준히,92,암장,16,했는데,155,팔,26,많은,8,아트,2,아니,110,것,27,보세요,93,수중,8,감사합니다,220,대요,53,될,173,그래비티,25,즐거운,294,줌,53,진정한,176,이프,51,즐겁게,105,것,28,했는데,168,오후,18,그래,60,중,17,먹고,88,코치,20,클,152,아치,25,자세한,227,트레이닝,24,즐거운,102,동호회,26,예쁜,144,키카,32,넘,125,프로,26,새로운,176,비치,25,따뜻하게,2,수영장,1,들,99,외,13,하자,107,몸,22,미,151,평내,32,행복한,140,몸,25,받으세요,166,주세요,59,부드러운,3,티,1,잡으러,215,티오,19,죽는다,177,교정,45,하다,190,중,33,먹,89,프로필,18,건강한,150,취미,20,즐겨
20,머신,6,끝나고,113,초,18,새로운,127,예약,33,되는,210,양산,43,가능한,91,다이어트,18,그려,195,강남,28,까사,141,예약,35,되는,242,진해,42,흘리며,147,쌤,20,까사,129,발레리나,24,매거진,201,수강,33,아름답게,205,에어로빅,28,편하게,440,스튜디오,53,되는,294,용인,36,많은,206,마스터,36,많은,140,핏,20,대,142,취미,45,좋,144,아사,31,되는,137,철인,27,해주고,141,쌤,19,만나요,115,펜션,20,되는,184,예약,42,산단,183,레져,35,받으세요,83,서현,21,다양한,124,연휴,26,대,181,아사,36,하면,177,상계,21,하러,33,순천,4,살빼기,12,리더스,2,그러니,86,나,15,가볼만,151,저녁,25,독하게,8,러시아,1,했어용,103,내,24,하며,93,뚝섬,8,하며,214,레슨,52,들,172,화곡,23,넘,288,실용,42,감사합니다,175,벌라,47,닫히지,99,달리기,26,해서,162,부,17,끝나고,58,작업,15,되구요,85,체험,19,즐거운,148,수성구,24,팜,223,홈,23,아쉬,102,커플,23,다양한,144,나,31,편안하게,123,센터,23,먹고,166,투어,24,빌리면,2,캠핑,1,하시네요,95,선물,13,아니라,107,콤,21,클,142,용인,28,신나는,124,폴,24,했어요,162,내,59,이룰,3,아디,1,입고,201,복싱,19,신리,167,하타,41,해서,176,체형,33,배우러,88,웨이트,17,다양한,149,무용,20,했던
20,관리,5,꾸준히,112,아이,16,끝나고,125,강화,33,보니,209,리듬,41,든든한,90,내,17,않은,188,바,27,새로운,131,스튜디오,35,좋아요,231,센터,36,다양한,146,키,17,춤추는,127,스트레칭,23,만드는,176,몸,32,참,194,입시,27,있다면,402,무용,49,출,290,테스,36,가능한,198,만,32,한,128,크로스,17,즐겁게,131,동호회,40,맞,143,교정,31,좋,117,트라이애슬론,25,빠르게,139,바,19,클,110,해변,18,예쁜,180,체형,40,빠른,181,다이빙,32,부이,80,트레이닝,20,참,115,모집,25,다양한,170,오창,34,보니,174,금호,21,새로운,30,재활,4,건강한,11,삼,2,그렇다면,78,마곡,15,보실,143,집,23,해주세요,8,스터,1,싶은거,97,직장,24,챌,91,배럴,8,따뜻한,195,신청,51,해주세요,169,체형,22,하지,287,에어로빅,42,하면,164,구미,47,않았다고,95,때,25,달리는,160,관장,16,하러,56,컨텐츠,15,되도록,84,피티,18,하면,143,퍼스널,23,열리는,218,크로스,22,하지,101,한글,23,보니,143,마인드,30,보내시고,123,프레지던트,22,하네요,163,캠프,24,미치다,2,점프,1,와요,92,골프,12,행복한,105,거,20,크로,130,핏,25,있,112,교정,23,하게,153,지구,58,올바르게,3,구매,1,어울려요,178,제천,18,건강한,163,명상,40,해주세요,168,매트,32,신나는,88,몸,15,들의,145,데이,20,쎄
20,바이러스,5,보세요,102,대전,15,받으세요,119,관리,31,따,207,팔,41,친절한,89,블랙,17,갈,155,파타야,24,센,128,센터,31,할수,228,식사동,35,즐거운,137,좀바,17,감사합니다,121,가방,23,탄,169,복,32,되는,185,걸스,27,하면서,374,줌,49,소중해인,275,프로그램,33,하면,197,쌤,31,탄,127,중,17,확실한,129,핀,39,좋은,137,매트,31,시르사,117,대회,25,하면,138,정모,18,즐겁게,103,제주,18,탄,168,오창,40,되는,158,오,32,달려,79,짐,20,해주세요,115,관리,25,하겠습니다,161,명상,34,다양한,169,순천,20,좋아,30,중,4,싸,11,생활,2,드세요,78,갤러리,14,하다,130,개월,22,먹지,7,날,1,할거야,97,중,24,먹고,89,수영,7,줄거에요,175,빈,51,깊은,168,몸,21,먹고,240,현대,40,걸리,163,쌤,47,한다면,91,조,24,뛰기,158,호신술,16,단련,55,스튜디오,15,겁니다,82,필라테스,17,싶으신,126,청담,22,바꿀,216,경기,22,보세요,98,댄스스포츠,23,참,138,바운스,30,바라겠습니다,119,광안리,22,건강한,162,보딩,23,받으세요,2,바이크,1,했어요,92,액자,12,받고,104,나,20,아니라,128,천안,25,가하는,111,중,22,좋,142,컨트롤,55,합니다내,3,제작,1,아노,168,점핑,18,가,159,자세,40,있다,167,방배역,32,살빼기,84,등,15,드려요,143,줌,18,신나게
19,헬린,5,하겠습니다,99,나,15,어떻게,116,팔,30,하면서,205,점프,40,하자,85,때,17,가,155,초급,23,배워,126,모던,31,하면서,227,보정동,33,있다,130,방콕,15,출,116,오,22,남겨주세요,168,관리,31,많은,172,데프,25,춤추는,338,아시아,46,원하시는,267,중,33,하지,196,레슨,28,새로운,122,스파링,17,했는데,123,러키,38,치는,135,호흡,31,하게,107,헬스,24,없다,132,방콕,18,되는,101,겨울,17,까,165,매트,39,아니라,154,고객,32,놀러,77,것,19,하다,114,포인트,25,원하는,159,솔,33,하게,168,정보,19,즐거운,29,시티,4,타면서,11,빅,2,책임지는,76,소니,13,많은,129,트레이닝,22,감사합니다,6,인생,1,먹고싶은,93,선물,24,참,80,유원지,7,보면,172,만,49,보세요,163,토탈,21,미,239,시청,39,많은,162,빅,47,아프다면,90,훈련,24,받으세요,144,레슬링,16,만나,54,관리,15,따라,78,체력,17,집니다,126,메스타,21,이어,207,피,22,살빼기,97,댄서,23,되는,131,우리,30,건강하세요,115,점핑,21,소소한,162,하우스,23,가봤으니깐,2,처음,1,나서,89,취미,11,좋,104,촬영,20,얼리,127,팔,24,해서,109,거,22,행복한,135,거,46,들,3,단가,1,예뻐요,154,쌤,17,아닌,156,순천,38,나를,158,힐링,30,확실한,83,헬린,14,늘리기,117,티켓,17,새로운
18,끝,5,받습니다,96,부,15,좋아,110,때,28,해보세요,204,최고,37,만들어,79,제주,17,대,146,반,22,좋은,124,워크,30,따라,223,지도,32,따져,126,모임,14,만나요,115,레슨,22,자세한,162,현대,31,건강한,159,발레,25,댄,321,리얼,45,들어,262,오,32,해서,182,몸,28,좋,122,점,17,재미있게,121,거,38,감사합니다,121,내,31,새로운,102,샵,23,해서,128,키,18,없을시,98,스키,17,큰,134,최고,39,풍부한,153,판매,30,들,74,거,19,들,113,피티,24,좋,151,매트,33,있다,166,개인,19,하면서,29,엠,4,빠져,10,속,2,가,76,이미지,13,넘,119,짐,21,좋,6,샷,1,고마워용,92,개,23,했는데,73,닝,7,는,165,플로우,48,새로운,156,자세,20,해주세요,211,점,37,좋,159,서귀포,45,즐거운,89,번,22,있다,144,중,16,가,53,것,15,원하는,78,프로필,17,쓰,123,헬스,20,한,205,팔,21,클,92,번,22,자세한,129,증산,30,찾아오시는,107,아카데미,20,화창한,159,겨울,23,가능함,2,복이,1,하셨다,87,강남,11,해주셨습니다,103,대전,19,좋,126,배,24,느껴,104,번,22,되는,100,상무,34,많은,3,판매,1,끊어,144,스캣,16,신나게,142,플라잉,38,산단,156,번,29,받으세요,81,관리,14,하겠습니다,117,육아,17,해주세요
18,것,4,드리는,94,수련,14,희,107,바이러스,26,예쁜,196,컴퍼니,35,보고왔어요,77,하이킹,17,좋아,138,토요일,21,자세한,115,청주,30,보세요,217,울산,32,아깝지,119,커플,14,미,114,후,21,잡힌,159,대전,31,다양한,152,아트,25,싸,312,에스,45,많은,244,번,30,따라,178,옥계,28,되는,120,웨이트,17,감사합니다,119,게임,37,하겠습니다,117,자세,26,즐거운,101,훈련,23,먹고,123,좀바,17,새로운,95,나,17,커,132,연휴,39,해서,147,수제,29,는,73,광안리,18,넘,113,줌,24,되는,149,백,30,하면서,165,대학교,18,가는,26,다이어트,3,빠른,10,재활,2,않아,75,에이스,13,눌러,113,관리,20,넘이길,6,오,1,돌았음,91,점,23,따라,69,이색,6,즐겁게,158,해부학,43,돕는,143,다이어트,20,하시면,200,전문가,36,해보세요,154,헬스,43,열린,88,중,21,박질,133,복싱,15,되는,52,맘,14,들어가게,77,센터,16,해야,119,국제,20,해보세요,200,키,20,깊은,89,바,22,하게,120,유아,28,즐거운,106,믹스,20,됐습니다,153,바다,23,많습니다,2,아빠,1,신나게,86,서울,11,편안하게,101,신청,18,탄,121,교정,23,되는,99,구래동,21,건강한,99,사용,32,감사합니다,3,신도림,1,따,136,우리,16,새로운,138,산요,36,시르사,132,방배,29,따뜻한,79,닭,14,입고,117,필라테스,17,있답니다
18,불금,4,찍어,91,짓,14,멋진,106,것,25,않게,195,프로그램,34,해보세요,77,취미,16,벤,137,커플,20,자유롭게,114,코어,28,하지,215,파주,32,않으실,117,나,14,신나게,111,패션,21,않으면,159,연휴,30,감사합니다,147,아카데미,25,함께라면,301,영천,44,는,241,플러스,29,좋아요,174,중,25,즐겁게,115,관장,17,찐,107,볼링공,32,싸,117,구요,26,행복한,98,동호회,21,받으세요,118,모임,17,먹고,93,강원도,17,하면,130,산후,37,하셔서,145,가평,28,입니,72,자유,18,하게,111,것,24,해야,147,때,30,참,164,동서대,18,끝나고,25,자전거,3,다양한,10,이채,2,되는,72,데이트,13,새로운,112,만,20,챌,6,모델,1,좋겠다,88,우리,22,하면서,66,프립,6,매거진,156,호흡,43,빠른,143,압구정,19,메디,191,아이돌,33,싸,151,아산,42,걸리면,87,런,21,들,127,유도,14,커,51,몸,14,들을수있는,72,지부,15,많은,116,견,20,넘나,192,즈,20,넘,88,파티,21,감사합니다,113,방방,25,뛰어,104,짐,20,따끈한,142,필리핀,22,더워요,2,본색,1,하셨는데,81,형재,11,재밌는,100,세미나,18,넘나,121,김포,22,니당,93,리얼,21,보세요,90,위,30,해서,2,천,1,했었죠,136,헬스,16,다양한,136,주차,35,하면,129,추가,28,하면,77,트레이너,13,하러,112,파티,17,우아한
18,발레,4,싸,89,맘,13,한다,103,손,24,감사합니다,195,점,33,흘리고,77,거,16,따라,133,복,19,한,112,바,28,드리겠습니다,209,무에타이,29,오셔서,115,오사카,13,먹고,105,맘,21,전화하기,158,후,30,남겨주시면,146,스토어,24,받으세요,287,자격,44,들은,235,아시아,28,얼리,172,대,25,아닌,112,더원,16,따져,105,선,31,입니다텐,113,중,26,가하는,92,것,21,새로운,115,오사카,17,멋진,87,렌탈,17,다양한,125,모던,36,소중한,132,캠프,27,올,72,유리,18,한다,109,기구,23,타는,146,주차,30,어떤,163,개금,18,하게,23,하이드로,3,물안에서,10,핏,2,되었어요,69,점,12,보고싶은,110,핏,20,따라,6,스냅샷,1,찍어야겠다오,88,후,22,꾸준히,65,한혜진,6,멋지게,152,사,42,만들어,127,개인,19,다양한,184,입시,31,어렵지,142,등,41,뛰다,84,산책,20,안전한,123,고릴라,14,해주세요,50,거,14,되는거죠,72,번,15,힘든,112,트레이너,20,하면,188,필라,19,굳은,80,우리,20,받으세요,111,방학,25,놀고,102,서울,20,머물게,140,키스,22,배우러,2,물놀,1,마셨답니다,81,대회,11,해서,99,연습,18,해주세요,118,중,22,다양한,90,센터,21,끝나고,89,수련,28,아쉬,2,호,1,하겠다고,135,타바타,16,만들어,135,스튜디오,34,뜨리,125,가방,26,됩니다운,75,선,13,가,105,한국,16,놀고
18,제주,4,있어서,88,성북,13,먹고,102,코로나,24,하시고,195,번지,31,하겠습니다,75,야크,16,하며,132,직장,19,하셔서,108,것,28,하면,207,머슬,28,강하고,115,바,13,참,100,방문,21,누르시면,158,신사동,30,해서,145,맘,24,싶다면,275,원장,43,배워,228,코어,28,맞춰,172,김천,24,피지오의,98,내,16,아깝지,103,볼린,28,탄,110,팔,24,자세한,90,맛,20,넘,111,직장,17,출,84,취미,16,그려,123,산전,36,주셔서,131,제품,27,크서,71,물,18,즐겁게,109,거,23,하러,138,힐링,28,해주세요,160,경남,18,건강한,23,협회,3,작은,9,협회,2,터지는,67,팔,12,걷고싶은,109,로빅,20,될,6,쌤,1,봐서,87,가요,21,나를,64,헬스,5,아름다운,148,교정,42,다양한,112,국제,19,한,179,서울,31,자세한,142,센터,41,해보세요,82,거,20,뛸,116,떼,13,크,50,개인,14,기대하셔도,72,중,15,할수있는,112,센터,18,따,187,장운동,19,달려온,76,크리스마스,20,자유롭게,110,필라테스,24,좋아,100,바레,20,넘,137,리다,21,해서,2,물,1,빠지려고,80,이종,11,즐거운,91,체험,18,할수,117,뉴욕,21,따라,88,때,21,건강하게,88,주일,27,되는,2,기구,1,드렸었습니다,132,주말,15,센,132,장,34,될,121,밸런스,26,나오시면,74,거,13,하지,88,맘,15,먹고
17,웨이트,4,아닌,83,검도장,13,즐겁게,98,번,24,들이,191,라이브,31,시키는,73,번,15,되는,126,중,19,보세요,105,번,27,하게,201,코,28,날씬해지려면,114,정모,13,멋진,97,우리,20,는,150,개인,30,받으세요,132,예술,24,어떨까,270,직강,42,잼나게,216,등,27,만나,167,광양,23,다양한,94,무브먼트,16,않으실,103,사이즈,28,해서,109,해부학,24,해서,88,마라톤,20,클,107,수원,15,한,83,스리랑카,15,하며,122,센텀,35,있나요,130,보트,26,살자,71,맘,16,예쁘다,109,몸,23,자세한,137,장,28,하며,160,냉정,17,했던,21,속,3,하러,9,승무원,2,필요한,66,번,12,큰건,107,천,20,하면,6,아티스트,1,신기하고,87,때,21,되는,61,만,5,내쉬,147,가마,42,어떤,111,머신,19,싫을,174,다이어트,30,않아요,138,것,41,죽는다,81,일기,20,넘,115,헬스,13,멋짐,50,트레이닝,14,필요하신,71,몸,15,되는,110,장신구,18,빌리지자,169,유산소,19,함께가요,73,날,18,하지,106,중,24,큰,100,오아시스,19,해서,135,강습,21,다양한,1,하나,1,탄듯,80,격투기,10,어떻게,90,때,18,많은,108,점,21,자세한건,87,우리,20,즐거운,87,심화,24,하며,2,사진첩,1,하던,130,레슨,15,행복한,128,사나,33,않는,118,관리,26,살뺄거아이가,73,나,13,마세요,86,캣츠,14,만나
17,점,4,하게,83,등,13,하지,98,거,24,하러,186,웨이트,30,새로운,68,길,15,나도,125,키,19,즐거운,104,용담동,25,새로운,196,더원,28,껴라,112,수원,13,즐겁게,97,여성,20,좋,150,번지,29,아름다운,130,실용,24,배우고싶은,257,경력,42,해봐요,213,후,26,하러,165,제주,22,쓰,94,레슬링,16,겁니다대,100,반사,26,들,107,인요,23,하면,84,몸,20,하게,105,나,15,먹,78,해수욕장,15,있어,119,후,35,기다리지,128,스쿠버,26,시키고,66,헬스,16,보니,107,터닝,23,즐겁게,137,탕,27,빈야사,141,원수영,17,미,21,아쿠아로,3,빌리지,8,일기,2,신나는,66,다이어트,12,아니겠지,105,내,19,새로운,5,거,1,즐거웠어요,85,명품,20,좋,61,스탠드업,5,썬,144,후,41,만나요,109,주회,18,크,172,커뮤니티,30,춤추는,137,유산소,40,하지,78,필터,20,좋,112,종합,13,대,50,바이러스,14,다가가세요,71,나,15,재미있는,106,다이어트,17,빌리지,168,체력,19,해가든,73,반,18,미,106,곳,24,신나는,95,엑스,18,맞춰,134,펀,20,험,1,요패,1,하셨습니다,80,쇼트트랙,10,한,88,레슨,18,챌,105,개월,21,빈야사,87,가요,19,넘,87,법,21,좋아요,2,구경,1,했었던,128,교정,15,할만,128,호흡,32,즐거운,116,가요,25,예뻐지는,71,것,12,보세요,85,골든,14,모여
16,개월,4,좋,80,우리,13,신은,96,연휴,24,꾸준히,179,북구,30,선보입니다,66,생각,15,가고,125,모임,19,파소,100,필라,24,아니라,194,장,28,지매,109,쿠바,13,넘나,95,한국,20,해서,146,유아,29,예쁘게,128,레슨,24,해보세용,255,시분,42,탄,199,예약,26,감사합니다,159,발레,22,해주세요,93,미트,16,해서,94,팀,23,많은,105,사나,23,와,81,비타민,20,해준,104,커플,14,갈,72,것,15,와,116,연산,35,받으세요,127,스쿨,26,감사합니다,65,접영,16,따뜻한,106,핏,22,해용,135,마이,26,받으세요,140,나,17,보니,21,이탈리아,3,새로운,8,강서,2,하러,64,잼,12,사길,104,유산소,19,먹,5,기니,1,뜨겁게,83,명상,20,해야,58,몬스터,5,빠질,143,인천,41,해야,107,우리,18,하며,172,살롱,29,시키는,137,우리,40,넘,78,날,19,한다,105,코리아,13,합시다,48,식단,14,진정한가치,70,만,15,했는데,106,게임,15,새로운,158,트,19,즐겁게,70,피아졸라,18,아니라,103,거,22,즐겁게,91,릴리즈,18,좋아요,132,죽도,20,운사,1,카본,1,빡심,80,사부,10,있으신,85,헬스,17,팜,104,자세,20,하시고,85,것,19,했는데,85,해,21,행복한,2,프로필,1,되었구요,119,나,15,즐거운,125,내,31,받으세요,116,내방역,23,한,68,어깨,12,감사합니다,80,부기,13,귀여운
16,저녁,4,좋아,78,호구,12,소소한,94,후,23,들을,179,벌,29,가리,65,코스,15,될,117,쿠바,19,즐기는,100,체형,24,즐거운,193,경기,28,가져가실,103,직장,13,크,94,폴,20,되는,144,중,29,드려요,127,아이돌,24,얻어가는,254,쌤,41,가능한,198,처인구,25,가능합니다가,152,구,21,그램데,92,체력,16,미,94,체험,22,크,105,스튜디오,23,한다,77,중,20,커,98,일본,14,와,71,홀릭,14,편안한,111,우리,34,달라집니다,125,강습,25,할것,63,반,16,어떻게,106,프로필,22,추운,133,내,26,건강한,133,수중,16,가서,21,이채,3,하면서,8,자전거,2,해주셔서,62,거,12,한다,101,프로필,18,나를,5,우리,1,추운거였어요,83,프로필,19,하지,56,윈드서핑,5,멋진,142,체형,40,보는,104,코스,17,함께하세요,172,남녀,29,들,135,나,39,감사합니다,77,공원,18,참,96,안성,13,도르,47,전,14,들의,67,와드,15,아닌,102,것,15,먹고,151,센터,17,하게,70,팔,18,될,103,만,22,푸,90,스킬,18,들과,130,오션,20,먹고,1,커팅,1,즐기시는,78,레전드,10,할수있도록,83,중,17,새로운,104,번,20,좋기,83,후,18,참,83,기존,20,하면,2,빵,1,해주는,110,맘,15,하게,123,집중,31,꾸준히,114,기간,23,해주세요,63,때,12,되는,80,오프닝,13,만나요
16,집,4,따,78,취미,12,있고,92,스튜디오,23,보내셨나요,175,소사,29,만나요,65,눈꽃,15,가는,117,좀바,17,하면,100,방문,24,될,190,텐,28,힘든,103,생활,13,클,91,전공,20,느껴,142,체형,29,즐거운,125,실용음악,24,머물렀던,250,바,40,어떤,191,산점,24,마세요,143,우리,21,행복하기,90,종합,13,보면,94,샘플,22,미치다,105,피,22,같아요,76,취미,19,크,96,것,14,하지,69,빌라,14,해서,111,자격,34,들에게,124,이슬라,25,하길,63,평영,15,새롭게,105,휘트니,22,놓치지,129,사나,25,즐거운,130,바,16,즐겁게,21,테크,3,신나는,8,회,2,해야,59,센터,12,타는,97,나,18,해야,5,잼,1,벨리,83,아침,19,하게,56,수상,5,놀러,140,주말,39,하면,103,점,17,커,170,댄서,28,필요한,135,체험,39,센,76,연휴,18,쉬운,95,점,12,새로운,47,나,14,오테,67,부업,15,할수,100,팔,14,만들어,150,서킷,16,좋습니다,69,탱,18,하며,95,때,21,가서,90,몸,16,함께라서,129,게스트,20,한,1,달,1,많아,77,생활,10,갑니다,81,번,16,되는,103,줌,20,앉아있는,82,명절,18,해주세요,81,나,19,가서나,2,화보,1,하려,109,엘리트,14,해서,122,맨즈,31,깊은,114,홈,23,아름다운,60,셀카,12,알려,79,가희,12,즐길
15,혜택,4,대,74,후,12,없다,92,공간,21,하게,173,플로우,29,즐겨,65,아웃도어,14,멋진,116,로드,17,편안한,99,팔,23,가르치는,178,크로스,27,감사합니다,98,일본,12,새로운,88,초등,19,보내주시지,138,발레티,26,어려울,124,안무,24,즐거워요,247,티칭,38,멋진,185,맘,24,하고싶다면,136,오전,21,넘,89,무에타이,13,하러,94,약간,20,꾸,104,현대,21,받으세요,76,함유,18,감사합니다,91,중,14,나도,67,팔,14,타는,110,번지,34,맡길,115,전국,25,들과,61,번,15,하겠습니다,104,개인,21,입고,125,다이어트,25,주는,127,우리,16,센,19,포레스티,3,해주신,7,점,2,해볼까,59,반,12,오면,97,점,17,하지,5,성공,1,쨈의,82,샤넬,18,않는,50,명상,5,아쉬,140,강릉,38,만나는,100,척추,17,하면,167,메이폴,28,가능한,130,코리아,38,보세요,74,다이어터,18,달려,94,수도복,12,자세한,47,쌤,14,가,63,정식,14,즐겁게,97,데이,14,해야,148,진해,16,될,69,예술,17,추는,90,놀이,21,하면,89,트레이닝,16,활기찬,119,동호회,20,하기에,1,쇠톱,,,77,목동,10,좋아하는,77,내,16,따라,99,평내동,20,했어요,81,오,18,즐겁게,80,부위,19,한,2,트레이닝,1,두었으니,108,체형,14,주는,121,샵,30,와,113,기구,22,미,59,후,12,놓치지,77,티,12,함께해
15,거,4,꾸준한,74,체력,12,해야,92,코어,21,마세요,164,길음,29,움직이게,63,헬스,14,없고,113,새해,16,만나요,95,우리,23,했어요,176,핏,27,열려있습니다,94,슈얼,12,나도,88,현대,18,즐거운,138,컬리,26,드리겠습니다,122,보컬,24,온리,245,석사,37,날다,177,정읍,24,될지,136,개월,21,받으세요,84,거,13,해주세요,94,하자,19,먹고,103,체형,21,보다,74,기록,18,되는,87,초급,14,행복한,67,달,14,했는데,110,번,33,감사합니다,114,골프,24,하였습니다,61,때,15,할수,103,개월,21,한,125,산요,23,될,122,것,15,참,19,벌,3,고맙습니다,7,나,2,있다,58,홀드,12,감사합니다,93,피티,17,댄,4,디,1,아기자기한,82,룩,17,했어요,50,칼,5,대,139,움직임,38,자세한,99,기능,17,만나,158,연습,28,한,124,유니언,36,멋진,74,몸,16,보니,92,존,12,즐거운,47,후,13,배울,63,터,14,하게,97,강아지,14,가,133,킥복싱,16,하며,68,중,17,까,88,것,20,감사합니다,87,이온,16,재밌고,118,태화강,20,따,1,김용수,,,74,중,10,만들어,77,중급,16,될,98,삼산,20,건강하게,80,맘,18,산단,80,마륵동,18,줍니다,2,오,1,어떤,106,펌프,14,참,120,우리,29,건강한,112,겨울,22,하시면,59,프로,11,는,77,프로그램,12,남기신
15,센터,4,하며,67,것,12,행복한,91,근육,20,한,163,덕천,29,현란한,60,날,14,큰,113,연말,16,될,92,플라잉,23,들이,172,개월,26,많은,94,팔,12,행복한,87,셀카,18,나를,135,신청,26,찌니,121,전주,23,즐거운,244,프로그램,37,한,173,센터,24,들어,128,시분,21,신나는,83,정통,12,날려,91,후,18,그립,102,사요,20,꾸준히,72,내,18,한,85,반,14,따라,67,풀,14,가볼만,108,근육,33,느끼려면,114,중,24,달라진,60,중,15,따라,101,인천,19,꾸준한,122,중,23,있을,118,체육,15,되는,18,페달,3,배우고,7,주,2,힘내자,58,다이노,12,만나,93,체형,17,예쁜,4,여미,1,배워,78,주문,17,어떻게,50,로버,5,안전하고,138,테라,38,필요한,98,오후,17,예쁜,157,팔,27,필요없이,120,저녁,33,먹고,72,필터링,16,뛰는,92,경기도,12,배울,46,포,13,한,60,타임,14,드는,95,펄,14,는,132,중,16,건강하게,67,모임,17,와,87,실내,19,했는데,86,타바타,16,탄탄한,118,해변,19,가까운,1,특화,,,73,대전,10,넘,77,무용,15,하지,96,옥동,20,받으세요,80,아메리카,17,한,79,에어리얼,16,먹고,2,인친,1,읽어,105,몸,14,해보세요,120,워크,28,참,111,핏,22,감사합니다,56,가슴살,11,해야지,74,포스팅,12,쏩니다
14,이벤트,4,시키는,65,구검,12,검우,90,우리,20,드리겠습니다,161,기능,29,화려한,59,대명,14,아닌,113,생활,16,고잔,91,때,23,들의,170,체육관,26,좋아요,89,반,12,한,86,의류,17,했는데,131,주세요,25,원하시는,117,스트릿,21,갑니다,241,트,35,해서,172,점프,23,해주세요,123,해운대,20,드세요,79,장,12,노기,86,대전,17,쳐,102,명상,20,맞아,72,인친,17,있지만,85,번,13,하면,64,릴라,14,행복한,108,홈,32,주는,112,한강,24,할것을,60,내,15,해야,97,때,19,마시고,120,번,21,하러,117,줌,15,하겠습니다,18,지나,3,나왔어요,7,프로그램,2,튼,55,백,11,먹고,93,트,17,크,4,나,1,봐야지,74,복,16,하러,48,실내,5,만들어,137,마인드,37,참,97,짐,16,와,155,연맹,27,팜,118,구,32,열립니다,71,트,15,뛰어,91,오전,12,건강한,46,레슨,12,빠른,60,주,14,커,95,슛,13,했던,122,체형,16,따라,60,내,17,하면,87,생일,19,한,86,워터,16,섹시한,109,막탄,19,유일한,1,립스틱,,,70,학교,10,한다,76,이그조틱,15,예쁘게,94,쌤,19,많은,79,수련,17,하며,79,연결,16,만들어,2,바람막이,1,보실,103,시대,14,예쁜,112,백,27,따라,111,배점,21,추운,56,반석,11,맞는,73,뷰티,11,우아하게
14,다이어터,4,건강하세요,64,사범,12,들,87,짐,20,먹고,143,대기,29,뛰고,59,풍경,14,했는데,112,오사카,15,출,90,후,22,예쁘게,162,초,25,갈,89,초급,11,가,85,지갑,17,하면,131,반,25,하시면,117,점,20,될,238,스킬,33,써네,169,역북,23,탄,120,개인,20,지피,78,지도,12,죽전,83,중,17,먹,93,점,19,보내,71,이상,17,건강한,85,생활,13,하면서,64,랜드,13,모아,107,스튜디오,31,되세요,110,겨울,24,밝힙니다,59,일기,14,나다소,97,후,19,저렴한,118,맨즈,21,싶은,115,수강,15,다양한,18,몸,3,놀자,7,강습,1,그렇다,54,헬스,11,좋아,92,몸,16,본,4,한국,1,멀어,74,스타일,16,좋습니다,47,토요일,5,강력한,137,특강,37,부드럽게,96,스탓,16,해서,149,나,27,드려,103,충주,32,신리,71,쉐이크,15,하다,89,여성,11,배울수,46,바진,12,하러,60,목동,14,해주세요,94,장식,13,와,118,몸,16,하면서,59,데,16,좋아하는,87,휘트니,18,신난다,85,번지,16,하러,107,날씨,19,깨끗한,1,립,,,68,후,10,된다,75,입문,15,가,94,바,19,아름다운,76,나,16,아니라,79,슬링,16,힘내,2,동복,1,그럼,102,평일,13,한,107,인요,27,좋아요,110,맘,20,편하게,55,전,11,어떻게,73,스,11,넘
14,선,4,찾아오시는,60,캠프,12,느리울,85,리포,20,끝나고,140,김해,29,맞는,58,중,14,먹고,110,수원,15,행복합니다,89,타임,22,꾸준히,162,코치,25,받으세요,83,스다,11,하지,84,점,17,보니,119,기간,24,가능하며,115,쌤,20,되는,237,신청,33,하지,168,시간표,22,희,120,티칭,20,해주신,78,생활,12,되는,82,나,16,즐겁게,89,삶,19,갈,70,레드,17,다양한,83,주차,13,넘,63,거,13,즐길,105,발레,31,했어요,109,부,24,할수있도록,56,최수영,14,챌,96,위,19,했는데,114,테라,21,아닌,115,센터,14,해야,17,핏,3,맞춰,7,다이어트,1,난다,52,주말,11,는,90,파워,16,하는데,4,스냅,1,가는데만,71,교정,15,하겠습니다,47,펜,5,즐겨요,135,다이어트,37,빈야사,96,아파트,15,들의,147,한국,27,섹시해지는,101,내,32,재미있는,68,직장,15,하면서,87,블랙,11,있다,45,우리,12,넘,59,개,13,힘든신,94,그림,12,먹,118,장,15,올,58,연주,16,빠져,85,장,18,가자,82,아웃,15,두드리며,102,체험,19,트입으면,1,스틱,,,68,대학교,9,보내세요,74,연휴,14,해주셔서,92,디크,19,꿀까,76,체형,16,해도,77,쌤,16,내쉬며,2,아침,1,까요,100,엄마,13,멋진,104,대화,26,해야,110,방배동,20,새로운,55,팔로우,11,하시면,73,브,11,감사합니다
14,개,3,이뻐,60,내,11,했는데,85,방문,19,마시고,138,명,29,시원하게,58,설산,14,보면,108,번,14,행복한,88,홈,21,아름다운,155,전주,24,건강한,83,연말,11,하면,84,셀피,17,넘,117,전공,24,했어요,110,코레,20,눌러주세요,231,만,30,있어서,165,카카오,21,큰,118,저녁,20,알려,76,뮤직,12,가,82,랭,16,하였습니다,87,홈,18,했어요,70,때,15,참,82,핫,13,는,60,하우스,13,가진,103,중,30,알려,106,파크,24,기울여,56,배영,13,졸린,94,내,19,신디,111,인요,20,큰,113,중,14,신나게,17,빅,3,해서,7,파크힐,1,되면,52,것,11,멋집,88,관리사,16,한,4,서커스,1,흐린,70,짐,15,필요한,46,일요일,5,재밌고,134,자신,36,있다,95,오전,15,행복한,146,안무,27,분이내,99,상모,31,해서,67,바이러스,15,가서,87,어린이,11,비,45,기구,12,새로운,58,내,13,채워,90,피엠,12,심진아,117,힐링,15,했는데,58,영어,16,하자,83,팔,18,하러,82,걸,15,멋지고,101,게,18,감사합니다,1,녹색,,,67,동호인,9,나도,74,기술,14,갈,88,딥,19,좋,76,바,15,넓은,76,착안,15,들과,2,사항,1,이었지만,100,전충,13,큰,103,주엽,25,주는,109,증정,19,즐거운,55,필수,11,대,72,서울,11,배워
14,등,3,올리고,60,동탄,11,본,85,식단,19,할수,133,마을,28,해서,57,곳,14,좋고,102,정모,14,넘,88,스트레칭,21,먹고,150,복서,23,않는,75,베이직,11,했어,81,종합,16,따,116,헬스,22,센,105,운정,19,그래,223,소도구,30,걸고,164,신용,21,할수,117,예약,19,원하시는,76,경주,12,한,79,모집,16,센,86,새해,18,하러,69,필수,15,빨간,79,설,12,춤추는,59,중,13,가는,99,연제구,30,얻어가세요,101,북한,24,보다나은,55,어린이,13,깨끗하고,93,식단,18,꾸준히,110,전용,20,들이,113,레슨,14,얻으실,16,최고,3,해보세요,6,인증,1,해서,50,완,10,판대,88,복수,16,다양한,4,성탄절,1,많다는데,67,스트레칭,15,자세한,42,서울,5,새로운,134,때,34,부드러운,93,해운대,14,하러,144,스튜디오,27,안전한,97,공식,29,하면서,65,다이어트식,14,해야,86,킹덤,11,넘,45,프로필,11,즐겁게,56,줄,13,내려가는,90,글로벌,12,해주세요,116,체육관,14,되도록,57,탭,16,놀면서,83,내,17,썬,80,나,14,싸,100,카약,18,많은,1,스탠드업,,,65,부,9,같다는,72,초보,14,마세요,87,불당동,18,하며,75,동안,15,자세한,72,맘,15,않기,2,당시,1,하셨습니다,100,남공주,13,커,100,킨텍스,25,새로운,106,정요,19,행복한,55,홈,11,해야,72,워커힐,11,길들이기
14,후,3,탄,60,구청,11,는,82,등,19,있으니,119,우리,27,좋아요,57,말,13,하러,96,룸바,14,보는,88,줌,21,만들어,149,맘,23,좋고,73,중,11,나를,81,신발,16,챌,115,프로필,22,궁금하신건,101,연습,18,보내세요,219,베테랑,29,했는데,161,지요,21,보실수,117,순천,19,따라,76,부평,12,자세한,79,대회,16,좋아,85,듀엣,18,들이,67,통영,15,않아,77,예약,12,받으세요,58,그림,13,대,98,방문,28,해보세요,98,것,24,지키겠습니다,52,우리,13,건강하게,92,등,18,넘,109,호흡,19,먹고,111,맘,14,와,16,회,3,감사합니다,6,후,1,없다,49,내,10,자세한,85,치과,15,건강한,4,닝,1,좋은데,67,핏,15,아름다운,38,원회,5,예쁜,133,리,32,드리,93,오,14,하겠습니다,142,쌤,27,입어요,96,거,28,하면,64,단일,14,하러,85,수주,11,한다,45,경기,11,입고,55,네이버,13,벌수있어요,85,중,12,건강하게,115,프리미엄,14,겁니다,57,때,16,배우는,81,아빠,17,나도,76,내,14,했답니다,100,릴라,17,즐기는,1,주년,,,64,유아,9,할께요,71,발레,14,크,85,오,18,크도,75,사우동,15,반하다,72,우리,14,즐거운,2,약속,1,하지,100,대학교,13,많은,99,때,22,하면서,105,코어,18,하지,54,반사,11,하며,69,램,11,많은
13,업,3,즐거운,56,때,11,이룸,79,저희,18,오셔서,118,프리스타일,26,해본,56,보험,13,않는,95,일본,13,드려요,88,피티,20,알려,149,죽전,23,만들어,72,핫,10,따라,80,츄,16,만들어,109,스커트,22,여쭤,99,스튜디오,18,감사합니다,213,교정,29,얼리,158,지도,20,와가,114,오후,19,했어요,75,카카오톡,11,끝나고,78,벤트,15,좋다,85,주차,17,했던,67,기능,15,즐겨,76,연말,12,참,58,촬영,12,기를,95,효과,28,즐거운,98,강,24,있던,52,후,13,빠르게,90,최고,18,는,108,거,19,했는데,111,어린이,14,서,15,무릎,3,아름다운,6,삶,1,정확히,49,중,10,보고싶잖아,85,밴드,15,하시면,4,연습,1,없,66,동안,15,부드러운,37,섭,5,하면,131,시바,32,어떻게,91,마린,14,하시고,139,요기,27,옳다,95,임은동,27,필록,63,겨울,13,하지,79,스파링,10,하고싶다,44,코로나,11,좋,55,거,13,늦기전에,80,육학,12,비오는,115,웨이트,14,중요한,56,생활,16,특별한,81,위,17,다양한,75,시청,14,행복해요,96,윈드서핑,17,좋아요,1,전통,,,63,개인,9,큰,69,눈,13,하면,84,반,17,하면,74,내,15,해야,71,관리,14,해야,2,방법,1,않으셨지만,100,부종,12,끝나고,97,연휴,22,보내세요,102,인천,18,건강하게,54,미션,11,했는데,69,포르,10,놀러
13,닭,3,본다,56,주,11,해주신,78,플라잉,18,찐,116,가치,26,보자,55,그림,13,있다,95,신청,12,참,85,나,20,큰,145,운정,21,즐겁게,72,주차,10,했는데,79,세교,16,만나,104,우리,22,한,96,오,18,미,213,현대,27,감사합니다,158,현대,20,해야,111,구미,19,하게,74,연휴,11,건강하게,75,이번,15,치시는,83,우리,17,움직이는,66,아미노산,15,자세한,75,에버,12,싸,58,필리핀,12,있다,95,위치,27,있답니다,96,기업,24,성장하는,52,해운대,13,먹,89,천안,17,끝나고,105,임산,19,들을,109,강좌,13,했어요,15,아스,3,하지,6,대표,1,안든다,48,바위,10,보세요,85,순환,15,가,4,프랑스,1,갑니다,66,구찌,15,만드는,37,물,5,보자구요,129,구요,31,건강한,91,시티,14,높은,136,샵,26,넘,94,관절,26,큰,62,관리,13,뛰었다,78,프랭클,10,쎈,43,애니,11,자세한,55,때,13,늦어요,79,애견,12,나도,111,관리,14,좋,56,육아,16,배워,75,연휴,17,센,75,우먼,14,편한,93,선셋,15,듣지,1,명품,,,63,경기,9,참,69,플라잉,13,하다가,83,구래동,17,건강한,73,오창,15,예쁜,71,개인,14,예쁜,2,생각,1,해주신,100,면역,12,보세요,97,임산,22,작은,96,거,18,좋,54,이벤트,11,하면서,67,크루,10,나도
13,나,3,보니,56,평택,10,보자,75,체어,18,만들어,114,기구,26,빠른,55,날씨,12,건강한,94,스다,12,하며,85,어깨,20,해보세요,141,때,20,해서,70,크루,10,하게,79,숲,15,해보세요,102,종강,22,는,93,수강,18,배우고,207,성인,27,맞춰,156,정보,19,와,108,맘,18,할께요,74,정부,11,맞춤지도,71,핸드,15,했던,83,거,17,작은,65,길,14,된다,73,스다,11,배워,57,날,12,들,95,층,27,하게,96,코치,24,봅니다,49,서울,13,갈,89,끝,17,하게,104,부요,18,꾸준히,105,수영복,13,받고,14,효과,3,벨리,6,서울,1,맞는진,48,패킹,9,되는,84,간호,14,되는,4,한복,1,완전히는,65,관리,14,예쁜,36,회권,4,될,129,새해,31,아름다운,89,클래식,14,서래,135,추천,25,해서,92,칼로리,25,않은,61,트레이닝,13,건강한,75,지부,10,보세요,42,플라잉,11,있으신,55,웨이트,13,조은,77,아트,12,해주신,108,개인,14,는,55,스튜디오,15,만나요,75,성장,17,작은,73,스튜디오,13,즐겁고,93,송정,15,기다리고있습니다,1,각자,,,61,자리,9,서래,68,마감,13,하러,81,우리,16,즐겁게,72,몸매,14,해보세요,70,주말,13,따라,2,초록,1,계셨답니다,98,피티,12,좋아하는,97,부요,22,행복한,95,몸,18,믿고,53,만,10,꾸준히,66,오리지널,10,입고
13,기록,3,그럼,56,혼,10,바른,74,캐딜락,18,건강하게,113,대표,26,보세요,54,힐링,12,하지,93,슈얼,12,댄,85,거,20,올바른,141,검단,20,와서,69,신청,10,아름다운,79,예약,15,예쁘게,102,폴,22,바르고,92,트,17,좋,197,정읍,27,해용,155,자격,19,해봐요,104,바인,18,하지,73,화랑,10,재미있는,70,핸드볼,14,즐거운,80,정부,17,어떤,65,유산소,14,따라,72,시시시,11,되,57,내,12,들이,95,스트레칭,27,들의,95,스노우,24,올림,48,말,13,큰,88,대회,17,해야지,103,연휴,18,않는,104,선,12,있고,14,국제,2,하시면,6,번,1,몰겠는데,48,동래,9,쉽게,84,간호조무사,14,해가든,4,우린,1,안되지만,65,홈,14,미,36,카약,4,나아가는,128,피,30,와,85,필라,13,만들어,130,안산,24,좋은,90,번,24,마세요,61,집,12,많은,74,취미,10,했는데,42,웨이트,10,클,55,것,13,빌리,76,오후,11,따라,108,번,13,들어가게,55,콘크리트,15,고잔,75,주말,17,놀기,73,타임,13,하러오세요,92,핑,15,가,1,안,,,57,등,9,새로운,66,몸매,13,했어요,81,초보,16,없고,68,반,14,될,69,웰,13,될,2,우산,1,하겠습니다,95,세종,12,하셨습니다,97,주요,22,어떤,93,나,17,해서,51,업,10,둔,64,비스타,10,보면
13,세트,3,느껴,55,대회,10,다양한,74,이용,17,받아,110,가현,26,들의,53,게,12,된다,92,나,12,출수,82,임산부,20,꾸준함이답,140,명일동,19,쉽게,68,아카데미,10,낄라,78,자세,15,새로운,101,발레리나,21,보내세요,92,나,17,한,193,무짜,27,와,155,이벤트,19,아닌,100,주회,18,보세요,71,프로그램,10,살빼기,69,환영,14,있으시면,78,후,17,가,65,트레이닝,14,하시면,71,슈얼,11,했어,56,서프보드,12,입고,95,임산부,27,만들어,92,하우스,24,해서,48,제작,12,클,84,우리,17,했던,101,점,18,시르사,102,물,12,아닌,14,강서,2,탁월한,6,요일,1,먹었,46,만,9,즐거운,84,코디네이터,14,넘,3,오케이,1,높은,65,센터,14,새로운,34,개월,4,춘,127,회기,30,가져,85,브랜드,13,가,124,특별,24,보니,87,키,24,얼리,60,새벽,12,와서,73,체력,10,확실한,41,저녁,10,확실한,54,머슬,12,가,74,트레이닝,11,같아요,107,것,13,되구요,54,거,15,파소,74,놀이터,16,놀러,73,코리아,13,보세요,87,보유,14,타는,1,자기,,,57,환영,9,시키면,64,후프,13,입고,79,해먹,16,잡힌,68,장,14,가,69,이해,13,꾸준히,2,담당자,1,감사합니다기,94,라티,12,좋아,95,점,22,다양한,92,빈,17,하러,51,다이어터,10,미,64,트레이닝,10,맞춰
13,플레이,3,씻는,54,번,10,삼우,72,소독,17,미,110,강의,24,내는,51,집,12,이쁜,88,핫,12,쉽게,82,쌤,19,한,139,토요일,18,싶을,67,연습,10,는,77,스커트,15,먹,97,자기,21,될,86,울산,16,신나게,191,기계,26,다양한,154,기간,19,했는데,99,얼,18,남지사,70,안강,10,만들어,68,상품,14,해드림단,78,우요,16,만나요,65,우리,14,되지,67,홍,11,그럼,55,팜,12,서,94,해운대,24,꾸준히,90,럼,24,부탁드려요,47,집,12,있다,84,타임,16,챙겨,100,샵,18,가하는,102,세미나,12,높은,14,내,2,내며,5,샷,1,오셨어요,46,코스,9,가서,81,라인,14,건강하게,3,렙,1,걸어서,64,루이비통,14,드려요,34,매주,4,와,127,커버링,30,따른,83,청,13,얼리,121,실,23,멋진,85,최고,23,한,60,유산소,12,꾸준히,73,천,10,드리겠습니다,39,라이프,10,하며,53,기적,12,푸,70,공근,11,보세요,106,증진,13,들을수있는,54,아메리칸,15,해주신,72,겨울,16,해야,72,곤지암,12,했어요,85,가족,14,싸,1,에너지,,,57,플,9,되며,61,전주,12,먹고,77,레슨,16,들어,67,새해,14,있,68,수원,13,즐겁게,2,학생,1,들께서,92,공주시,11,는,95,힐링,21,했던,91,배,16,먹고,51,패션,10,받아,59,나,9,행복한
13,트,3,끌어,53,선,9,해야지,71,끝,17,참,109,중,24,둔,50,마스크,11,했던,86,탱고,12,할수,80,샵,19,않게,136,피티,18,살빠지는,63,맘보,9,갈,76,작품,14,즐겁게,97,셀피,21,같아요,86,카카오톡,15,행복한,190,워크,26,탁월한,154,클릭,18,어떻게,97,연락,17,맞춰,69,개인,10,하겠습니다,67,명,14,탈아대,77,때,16,하면서,64,제품,13,평범한,66,맘보,11,아름다운,55,다이빙,12,가,93,때,24,행복한,90,여주,22,많은,47,강습,12,해보세,82,번,16,신나게,98,곡요,18,가,101,필라테스,12,만들어,14,날,2,안전하고,5,기록,1,대,46,시장,9,미,80,사체,14,떠나는,3,것,1,올라갈수,63,힐링,14,감사합니다,34,가드,4,필요한,126,자세,29,특별한,82,나,12,만나요,120,원인,22,좋아요,84,개월,22,즐기는,59,나이키,12,달릴,72,정부,10,재울,38,휘트니,10,건강하게,52,수성구,11,하지,70,혜,11,보면,105,점,13,되는거죠,54,부부,15,한다,72,동탄,16,받으세요,68,천점,11,만나,83,장비,14,했는데,1,특강,,,54,이승기,9,되면,61,종목,12,해야지,77,개인,15,할수있다,66,소마,14,않게,68,제프,13,봅니다,2,밴드,1,정확한,89,우지인,11,나를,95,곡요,21,큰,91,수련,16,건강해지는,51,개인,9,좋아,59,다이어트,9,즐겁게
13,마인드,3,올리시길,53,무술,9,빠른,71,나,17,따라,106,에듀,23,쉽고,50,백패,11,는,83,프로,12,아름다운,80,만,18,드려요,136,수강,18,즐겁습니다,63,것,9,배워,75,체형,13,가능한,93,초등,20,아니라,84,챌린지,14,멋진,188,샵,25,따라,154,한강,18,넘,96,경력,17,챈,69,맘,10,쨉,66,점,13,했는데,77,움직임,16,했는데,63,트,13,갈,66,크루,11,자오,54,비치,12,해주세요,92,짐,24,하면,90,강천,22,가볼만,47,김태연,12,쾌적한,80,이벤트,16,보내셨나요,98,대화,18,된다,97,주소,12,나도,14,호텔,2,했는데,5,접수,1,젊은,45,자연,8,찍는,77,개인,14,줍니다,3,티,1,써,63,제품,14,만나,33,레저,4,있으신,126,동대문,29,주는,82,발레,12,있어,116,복수,22,해주세요,84,겨울,22,오셔서,59,기록,12,있어서,71,층,9,와,38,복,10,찐,52,극,11,빠짐,70,갤러리,11,하면서,105,점핑,13,기대하셔도,53,새해,14,넘,71,짐,16,될,67,우리,11,시키는,83,것,14,되는,1,오오,,,54,사브르,8,하며,60,초급,12,시키는,77,퍼퓸,15,하지,65,게,13,있다,68,정렬,12,넘,2,자수,1,받고싶다고도,82,내,11,하지,94,중,21,해보세요,90,할인,15,가,50,오,9,하자,56,토요일,9,싶다면
12,최대,3,막아야,50,학생,9,무사히,71,최고,16,가,105,팀,23,해주세요,50,선,11,어떤,80,댄서,11,들어,80,짐,18,되지,133,수원,18,한다,63,홍,9,있다,74,아이,13,잊지,91,카카오톡,20,만들어,84,파주,14,하면,184,취득,25,받아,153,메시지,18,될,94,끝,17,아닙니다,65,나,10,한다,66,이벤트,12,잘치고,77,오후,16,하다,63,거,13,출고진,64,연습,10,같아요,52,스쿨,11,하지,91,명절,23,한,89,나,22,품실사,47,아쿠아,12,보다,76,날,16,해주세요,98,생각,18,는,96,신사,11,않아,13,프로그램,2,갈,5,아쿠,1,들어오십니다,45,집,8,참,77,유아,13,해드리고,3,따리,1,따,62,레슨,13,있다,32,핏,4,강하게,126,플라잉,29,는,82,인증,12,하면서,107,레벨,22,싶은,84,워크,22,함께해,59,날씨,11,입고,71,개월,9,보자,38,내,9,미,52,갑부,11,즐겁고,70,키,11,보니,103,무인,13,필요하신,53,세계,14,없다,71,태권,16,보자,67,석산,11,강한,83,호,14,보자,1,가복,,,53,저녁,8,알려,59,등,12,해보세요,76,거,15,즐거운,65,핏,13,나다,65,연희동,12,알려,2,기부금,1,두었으며,79,중,11,와,94,테라,21,아니라,87,복,15,같아요,48,셀피,9,들을,56,애,9,왔을
12,카드,3,이겨내는,50,지구,9,큰,70,피티,16,맞는,105,주요,22,배워,48,봉,11,본,75,중급,11,썬,79,관리,18,보다,133,방학,17,재밌게,60,번,9,쓰,72,몸,13,건강한,91,근육,20,만나요,84,중,14,해서,184,전국,25,어떻게,153,네이버,18,찾아,94,데이,17,감사해요,63,샌드백,10,만나,65,볼,12,아님,76,신청,16,챙김,61,연휴,13,가는,64,연휴,10,찾아,51,숏,11,먹고,91,어깨,23,하시고,89,대리점,22,인한,47,레슨,12,중요합니다,75,셀카,16,즐거운,97,킨텍스,17,가는,96,소,11,행복한,13,한국,2,가고,5,개강,1,필수지만이,45,제주,8,뛰,76,반,13,받으세요,3,연맹,1,한다,62,오,13,좋다,32,주세요,4,건강하게,124,생각,28,행복한,80,예약,12,감사해요,107,생활,19,받아,83,생각,22,따라,58,페이스,11,본,71,핏,9,한,37,이벤트,9,하지,50,쿼트,11,해야지,69,번,11,다양한,101,스텝,13,다가가세요,52,오,14,올리면,70,너,15,죽전,65,여성,11,다양한,82,워터,14,마세,1,아운,,,53,일요일,8,있을것,59,메이폴,12,한,76,처인구,15,새로운,65,쌤,13,새로운,65,기초,12,좋아하는,2,우리,1,받았습니다,79,김해,11,맞춰,92,거,21,용당,85,자세,15,하면서,48,모델,9,큰,55,예매,9,오고
12,결제,3,입니다다같이,50,송림,9,관대한,70,내,16,있을,105,나,22,보겠습니다,47,한라산,11,했지만,75,아카데미,11,알마,78,이용,18,받으세요,133,우리,17,배우고,60,주,9,싸,72,수강,13,보내셨나요,89,번,20,더테라,83,지코,14,댄마,184,점프,25,해야,153,용,18,드립니다지,93,마감,16,뛰어,63,선,10,고맙고,65,센터,12,새로운,75,생각,15,따뜻한,61,생각,13,좋,63,아카데미,10,하며,51,포항,11,하다,89,앞,22,않게,88,샵,22,불가합니다,47,속눈썹,12,지루하지,74,유산소,16,와,97,주엽,17,하는데,94,재활,11,있어,13,지점,2,한다,5,양천,1,부족한,43,블럭,8,두더,75,거,13,편안한,3,앞,1,맞춰야,61,자세,13,따,31,위,4,길었던,121,삶,28,챙김,79,프로그램,12,좋아하는,100,내,18,배울수,83,무릎,22,빠짐,56,주,11,감사합니다,68,매드,9,유일한,36,손,9,아프로,50,촬영,11,하다,68,근,10,있어,100,김,13,진정한가치,51,아카데미,14,담긴,70,명지,15,한다,65,전용,11,하게,80,국제,14,하러,1,동추,,,52,체험,8,보내시고,59,협회,11,빠르게,75,이벤트,15,한,63,설,13,안전한,65,때,12,건강한,2,후,1,받는대로,78,머신,11,할수,90,번,20,어떻게,85,새해,15,아닌,48,손,9,될,54,내용,9,심하게
12,가슴,3,오셔서,48,추억,9,바뀐다,68,핏,16,아니라,101,트레이너,21,간지나게,46,라산,11,찍고,74,왈츠,11,되는,77,클래식,18,높은,132,미트,17,하자,60,차,9,받으세요,72,체험,13,한,88,기구,20,먹고,80,스쿨,14,아닌,184,저녁,25,될지,153,검색,18,즐거운,92,줌,16,넘나,61,끝,9,없다,65,발송,12,자세히,73,타워,15,즐겁게,61,번,13,해주세요,63,차,10,하게,50,때,11,미,86,거,22,보내세요,87,취미,22,구겨,46,딸,12,않게,73,운영,16,먹었다,97,워크,17,아니라,89,후,11,배워,13,씨,2,있나,5,국제,1,채워져야,43,서울,8,센,75,중,12,좋아,3,연결,1,된다,61,기구,13,넘,30,주말,4,해오고,121,방법,28,쉬운,79,중,12,확실한,99,핏,18,배우고,83,샵,21,해주신,56,생각,11,없어서,67,오,9,다양한,36,천안,9,즐거운,49,짓,11,자세한,66,압구정,10,하다,99,나,13,해야,50,연습,14,보는,68,대회,15,되는,65,엄마,10,해야,76,카이트서핑,13,하다,1,실내,,,52,엘리트,8,안전하게,57,기록,11,이쁜,75,평택,15,할수있는,63,설치,13,원하는,65,죽전,12,않게,2,내역,1,알려,76,경기도,11,해주세요,89,전용,20,갈,84,프로필,15,맞아,48,하체,9,샐러,54,가든,9,내려오지
12,레슨,3,어떠실까,48,집중력,9,탄,68,소도구,16,했어요,99,몸,20,대더,46,너,11,먹는,70,모집,11,어린,75,장,17,가,129,어린이,17,특별할인,60,설,9,그럼,68,프로필,13,부탁드려요,87,개강,20,하시고,79,채널,14,보러와,180,수성구,24,마세요,153,신용산,18,없었다,90,나,16,하며,61,포항,9,해야지,63,만,11,많지만,73,장,15,부드럽고,60,공급,13,본,63,신청,10,신나게,48,실내,11,팜서,84,전,21,원하시는,86,경기도,22,아니며,45,눈,12,하면서,72,전,16,들께,96,석,17,보면,89,장,11,있다,13,메르,2,싶고,4,동네,1,믿고,42,캣,8,올,74,샵,12,싸,3,게,1,새로운,61,등,13,아름다,30,아래,4,째가,121,이,27,아닌,76,폴,12,믿고,95,오,18,댄,83,종점,21,하셨습니다,55,지구,11,힘들다,67,지도,9,먹고,35,끝,9,끝나고,49,케틀,11,하러,66,코스,10,하며,98,예정,13,보니,49,룸바,14,하면서,67,파크,15,해주세요,64,프로그램,10,예쁨,75,조정,13,넘,1,수영,,,52,신성록,8,했어,57,이벤트,11,하는데,75,공간,14,없지만,61,끝,12,가하는,63,날,11,와,2,리포,1,드리겠습니다,75,싱크,11,까,89,시타,20,있고,84,개월,14,는,48,내,9,나도,53,번,9,누리는
12,몸,3,들에게,47,가족,9,즐겁고,66,오전,16,해야,99,유산소,20,먹는,43,줄,10,와서,68,것,11,즐기기,74,발레,17,만들고,128,선산,17,입니다단,56,콜,9,빤,67,뮤지컬,12,특별한,86,몸매,18,하며,78,셀카,14,센,178,오전,24,가능합니다가,153,필라티,17,날다,90,자세,16,오는,59,반,9,건강한,62,번,11,소중한,71,하타,15,느껴,60,물,13,해줘야,62,베이직,10,이쁜,48,비키니,11,빠지,80,코어,20,꼼꼼한,85,줄,22,아닙니다,45,육아,11,그랬다,72,맘,15,감사합니다,96,산체,17,마세요,88,포,11,소소한,13,헬스,2,빠르게,4,우리,1,건강해지는,41,등반,8,좋,74,삼,12,배울,3,부족,1,예쁘게,60,장,13,그럼,30,트레이닝,4,일거에요,119,직장,27,불가합니다,76,새해,12,될,94,감성,17,보세요,82,앞,21,끝나고,54,내,11,와,66,번,9,검단,35,월일,9,되는,48,식단,11,분시,66,기능,10,좋다,97,체육,13,좋다,48,강습,14,쉽게,67,번,15,보니,63,줄,10,가,75,유일,13,져,1,장추,,,52,이상윤,8,배워,57,만,11,하구,75,선물,14,했는데,60,관리,12,봐요,61,아트,11,우아하게,2,홈,1,감사합니다,75,공간,11,하며,89,후,20,봅니다,83,가원,14,부탁드려요,47,근육,9,있으니,50,숲,9,놀기
12,내,3,편안하게,46,반사,9,받아,66,필라,15,충분한,94,짐,20,즐거운,43,후,10,감사합니다,67,베이직,10,먹고,74,연휴,17,있을,122,트레이닝,16,밴,54,미군,9,고마워,66,나,12,원하시는,85,라인,18,따뜻한,75,후,14,쥔,175,개월,24,빠르게,153,서울특별시,17,잼나게,89,지구,16,하겠습니다,57,노원,9,봅시다,59,댓글,11,올,70,스트레칭,15,않는,59,등,13,부족한,62,금요일,9,마시고,47,프로,11,사니,79,나,20,쉼,83,오토바이,19,먹고,44,풀,11,위대한,71,주,15,달려,96,페스타,17,할수,88,임산부,11,하니,13,바,2,나란히,4,몸,1,건강할,40,투어,8,해야,73,홈,11,큰,3,결심,1,돌러서,57,무인,12,아닌,29,쿠폰,4,쪄,119,서창,27,따라,75,모던,12,주는,92,청주,17,끄,82,캉,21,화려한,54,원주,11,했지만,65,대전,9,꾸준히,35,팀,9,아니라,48,등,10,건강한,66,내,10,좋아,97,정의,13,미,48,학습,14,해주세요,65,영어,14,캐니,62,스웨이트,10,어떻게,73,드,13,클,1,간접,,,52,양세형,8,친절하고,57,주,11,하게,74,압구정,14,참,60,수원,12,쉽게,61,중,11,하겠습니다,2,측정,1,클,74,광,10,쓰,88,석,20,올려,83,벤트,13,해야,45,바이러스,9,그립,50,참여,9,되었는데
12,핏,3,보내시고,46,대검,9,가,66,벤트,15,높은,92,창원,20,건강한,42,우리,10,아니고,66,차차차,10,해주신,73,주세요,16,들어,115,개인,16,해야,54,부대,9,해주는,66,레오타드,12,하겠습니다,85,피티,18,행복한,73,살롱,14,예쁜,172,코어,24,만나,153,새창,17,가더,87,상무,16,믿고,56,코치,8,완벽한,59,스톰,11,보니,69,연휴,15,따라,58,픽시,13,잡아,61,토요일,9,만들어,45,가족,10,보는,79,저희,19,가는,79,대표,19,했는데,43,줄,11,하는데,71,호,15,셀기,96,벨라,17,와,87,인,11,건강하게,12,강습,2,놀기,4,최고,1,챙깁시다,40,크루,8,커,73,것,11,참,3,태,1,망설이다가,56,테라,12,했던,29,윈드서,4,오셔서,119,주차,26,만나,74,잉고,11,가능한,90,코레,16,저렴한,82,대회,21,건강한,51,동아,11,해야지,62,아카데미,9,해야,34,촬영,8,하시면,46,전,10,재밌게,63,오전,10,나게,97,회관,13,챌,47,모던,14,본,65,층,14,하면서,61,오전,10,할만,73,친절,12,들,1,경험,,,52,육성재,8,했던,57,대표,11,두고,73,수련,14,나를,60,복,12,시켜,61,기구,11,하러,2,구로,1,받아,74,주요,10,아니라,88,산체,19,보면,81,대학교,13,마세요,45,센터,9,가서,50,츄,9,시켜주셔서
12,체형,3,가득하시길,46,연습,9,하자,64,스트레칭,15,보세요,88,이현정,20,빠르게,41,하늘,10,아니라,66,매주,10,했던,72,근육,16,마세요,115,마블,16,되는,53,음악,9,이쁜,65,관리,12,돌아온,84,죽동,18,넘,72,월차,13,싶은,169,범어동,24,인한,153,서울시,17,있고,86,석사,15,즐거운,55,것,8,있다,58,신상,10,어렵다,69,힘,15,따른,58,날,13,높여주고,60,수요일,9,넘나,45,영화,10,미야,78,내,19,아름다운,79,롬,17,와,43,게,11,나도,70,환영,15,반하다,96,시타,16,따라,87,환영,11,있을,12,후,2,없음,4,라이더,1,잃고,40,알레,7,재밌게,71,협회,11,보세요,3,맥주,1,어떡해,56,제작,11,하는데,29,핑장,4,즐기며,116,경희대,26,올,74,짐코리,11,마세요,89,걸스,16,있어서,80,팀,21,재밌고,50,설,11,빠르게,61,초등,9,크라,34,대치동,8,저렴합니다,45,이벤트,10,합시다,62,노,10,아닌,96,거,13,하시면,46,하나,13,따뜻한,63,점,13,있어서,61,포인트,10,좋아하는,73,예약,12,예쁜,1,해변,,,52,주말,8,하면서,56,힘,11,옳다,71,추천,14,즐기기,59,포,12,하면서,61,주제,11,어떤,2,추천,1,본,74,중앙,10,하면서,88,페스타,19,싶은,80,필라,13,알려,45,끝,9,보니,49,춤,9,하며
12,안산,3,바라겠습니다,45,서울,9,합시다,64,예방,15,자세한,88,장소,20,복잡해요,41,감성,10,있을,65,연습,10,감사합니다,72,다리,16,아닌,114,프로그램,16,겁니다대,52,새해,9,재밌는,64,최고,12,담아,83,레오타드,18,이쁜,72,커뮤니티,13,한다,160,중,23,해주세요,153,하이엘,16,튼,86,체형,15,행복한,55,취미,8,좋고,57,파라오,10,갖는,68,대요,15,같습니다,58,가민,13,높여,60,음악,9,주는,44,제작,10,참,77,실력,19,아름다,79,슈트,16,하면,42,날,11,좋아,69,만,15,남은,95,소마,16,없다,86,트레이닝,11,좋아하는,12,하이드,2,일어서서,4,한국,1,하지말자,39,초보,7,않은,71,이벤트,11,깨끗한,3,술,1,해야,56,상품,11,즐겁게,29,관련,4,빠지,116,번,26,먼,74,퍼스트,11,아니라,89,몸치,16,배워,80,산모,20,하겠습니다,49,사이클,11,해주세요,61,반,9,없습니다,33,제작,8,셀기,45,벨,10,확실하게,60,공예,10,하는데,96,레슨,12,가,46,금요일,13,행복한,62,듀,13,춤추는,59,주말,10,보면,73,스노우,12,즐거운,1,전기,,,51,비투비,7,튼,56,백,11,따,69,플,14,빠른,59,만,12,이쁜,60,조화,11,입니,1,뒤,1,좋긴,74,대림,10,찍고,88,벨라,19,하러,80,비크람,13,예쁜,45,쿼트,9,쾌적한,49,라이브,9,해서
11,런닝,3,와서,45,새해,8,늘리기,64,수원,14,들께,87,번,20,어렵잖아요,40,만,10,와,64,음악,10,몰,71,오전,15,어려울,113,전,16,하셨습니다,52,여기,9,하면서,63,에르메스,12,입니,81,것,18,부탁드려요,69,주,12,자세한,160,대봉동,23,걸어주세요,151,사은품,16,멋진,85,원장,15,할수,55,글러브,8,빼고,56,점수,10,벤,65,주,15,얼리,56,끝,13,산수소,59,주,9,먹었습니다,43,골프,10,나를,74,주말,19,만나요,78,티,16,그립다,42,유아,10,좋아하는,68,반,15,본,95,번지,16,보는,86,생활,10,이쁜,12,강좌,2,가자,4,발산,1,담주까지,39,아들,7,했던,70,코어,10,배우기,3,속,1,하냐구,55,바,11,크,28,시즌,4,보세요,115,사트바,26,느껴,73,청담동,11,시켜,88,모임,16,가,77,쉐이크,20,안전하게,47,크루,10,뛰우,61,크로스,9,멋진,33,기존,8,대,44,파워리프팅,10,갈,59,마드,10,즐거운,96,무산소,12,하는데,45,다이어트,13,읽어주는,62,날,13,참,59,양산,9,멋지게,73,핑투,12,탄,1,아침,,,51,것,7,보니,55,강남,10,배워,67,천,13,신나게,58,출구,12,할수,59,근처,11,떠요,1,모습,1,좋구나,72,짐,10,남기고,85,생각,18,좋다,79,짐,13,하게,43,룩,8,배고파,49,톡,9,예뻐지고
11,점심,3,자세한,45,당진,8,갈,63,게,14,있답니다,87,경험,20,배워요,38,북한산,10,나를,62,설,10,나도,68,주말,15,있으니,111,학교,16,하고싶다,52,달,9,어떤것,61,내,11,좋아하는,81,성인,17,꾸준히,68,팀,12,쉽게,158,레벨,23,하고싶다면,146,레벨,16,새롭게,84,오렌지,15,먹은,54,땀,8,큰,55,리스,10,하면서,64,수리야,14,주는,56,완주,13,시키는,57,하바나,9,들어갑니다수,43,주,10,않은,73,강화,19,드리겠습니다,77,스키장,15,만들어주는,42,예매,10,지,67,이용,15,하는게,93,후,16,있고,86,반,10,하는데,11,번,2,따,4,아패,1,무섭지,38,린,7,오르고,70,즈,10,만들어,3,스트레칭,1,봐도,54,생각,11,어떤,28,다이렉트,4,챌,111,스튜디오,26,가,72,프라이빗,11,했던,87,것,15,탄,77,칠,20,하시면,47,트랙,10,보자,58,나,9,튼튼한,33,연휴,8,할수,43,킥복싱,10,새로운,59,육아,10,했는데,95,사요,12,느껴,45,선물,13,아름다운,60,저희,12,들의,58,넉,9,유일한,73,추천,11,센,1,아쿠아로,,,51,훈련,7,하는데,54,모집,10,갇힌,67,후,13,반하다,58,공간,11,들이,57,신논현역,10,아닌,1,게,1,나누고,70,파티,10,메디,85,제주,18,끝나고,78,이용,12,끝나고,42,몸매,8,들께,48,코리아,8,넘치는
11,마무리,3,하시면,45,인검,8,와,63,유지,14,새로운,87,투,20,멋있게,37,이번,9,걷는,61,금요일,10,하지,68,오후,15,하시고,109,국가,15,신나게,52,한곡,8,춤추고,61,것,11,이쁜,80,주차,16,즐겁게,67,예고,12,가능하니,158,힐링,23,믿고,142,목동,15,건강한,83,체험,15,만나요,54,번,8,꽉찬,55,지공,9,가서,64,요기,14,이어,55,프로,13,높여주어,57,이태원,9,다양한,43,딩,10,아닌,73,울산,19,크,77,팀,15,보자,41,바다,10,아닌,67,트레이닝,14,지나고,92,우리,16,않은,86,골프,10,챙겨,11,집중,2,쉽,4,도전,1,새롭게,38,붐,7,하면서,70,선물,10,행복한,3,먹방,1,어지럽네,53,번지,11,될,28,번호,3,넘나,108,전,25,자이로,69,연휴,11,들이,82,신촌,15,하며,77,때,19,있을,47,명절,10,마라,58,선,8,될,33,청당동,8,들일,43,운,9,원하시는,59,맘,10,했어요,93,가빈,12,꾸준히,44,공부,13,좋,60,서귀포시,12,있으니,58,쌤,9,와,69,곳,11,신나게,1,빅,,,51,태권,7,다양한,53,한국,10,벗어나,67,피티,12,와,56,프로그램,11,받아,57,요요,10,함께한,1,서울,1,받을,66,번,10,즐겁게,84,힘,18,보니,78,전용,12,보세요,42,티,8,싸,47,주말,8,까지
11,프로필,3,해야,45,실업,8,될,63,산후,14,대,86,공간,20,모았습니다,37,패션,9,있어,60,왕,10,했는데,68,척추,15,행복한,108,천,15,하시면,51,완성,8,와,61,강남,11,행복한,78,개월,16,보내셨나요,67,개인,11,좋아,156,김,22,넘,142,스킬,15,하며,81,반,15,하면,54,여성,8,이끌어,55,게,9,하지,63,샵,14,않게,53,웨이트,13,도와줍니다,55,속,9,배우고,43,입문,10,좋아,72,핏,19,들을,76,스킨,15,큰,41,아침,10,버티,67,개,14,했을,88,자세,16,힘든,84,지역,10,시켜,11,우리,2,가하,4,것,1,하였는데요,38,포토,7,재밌는,69,링크,10,즐겁게,3,곰,1,열렸던,52,날,11,시르사,28,컴퍼니,3,강한,108,외,25,된다,69,움직임,10,찐,81,주세요,15,예쁜,76,오전,19,즐길,46,단식,10,된다,58,시분,8,아니라,33,반,8,없었나요,43,차,9,원하는,58,라인,10,귀여운,93,파트너,12,아니라,44,파닉스,13,어떤,60,대정읍,12,좋,57,포카리,9,재미있어요,69,카버,11,함께한,1,유익,,,49,육아,7,할수있다,52,후,10,펼쳐집니다,65,복,12,예쁜,55,개,11,하시면,56,체중,10,뻗어,1,강남,1,있었던,66,것,10,해야,83,후굴,18,정확하게,77,것,12,하며,40,헬,8,까요,47,이벤트,8,놓치지
11,전,3,겁나,44,반,8,배우는,62,몸매,14,챌,85,바,20,찝어서,37,셀피,9,보이는,59,이번,10,따라,68,광교,15,마시고,107,선,14,마세요,50,거,8,아님,61,연습,11,뜨,76,테라,16,되세요,67,모임,11,있다는,154,교,22,따랑,140,핏,15,탁월한,81,후,14,없어,53,게,8,날리자,54,줄,9,나도,62,헬스,14,올,53,미네랄,12,도르,55,플레이스,9,보는,42,추천,10,고마워,71,설,19,오셔서,76,싱,15,타는,40,출장,10,즐거운,66,사이클,14,가는,84,어깨,15,보세요,84,웨이트,10,같아요,11,딩,2,타면,4,촬영,1,돼요,38,그래퍼,7,붙어,67,빅,10,보니,3,새우,1,끝난,52,개인,11,만들어,28,미스트랄,3,하니,108,토요,25,얼리,68,근육,10,시원하게,81,개월,15,만들어,76,소모,19,만나요,46,모닝,10,큰,57,체육,8,찾으,33,때,8,될,43,부평,9,하자,58,펫,10,멋진,91,스트레칭,12,만들어,44,유아,12,배우고,60,서귀포,12,놀자,57,더블,9,참,69,팔,11,좋다,1,장열,,,49,코치,7,하게,51,스트레칭,10,접수시,64,핫,12,훌륭한,54,할인,11,드세요,56,횟수,10,가,1,천호,1,끝나고,64,코리아,9,했는데,83,우요,18,따른,76,사요,12,있다,40,대회,8,좋습니다,47,시카고,8,즐기는
11,수원,2,단순히,44,검단,8,보는,62,장,13,즐겁게,85,발레,20,풀어,36,명산,9,즐거운,59,수강,10,소소한,66,힘,14,쉽게,105,겨울,14,즐기다,49,블랙,8,드려요,61,신청,11,낸,76,설,15,탄,66,엔터,11,넘,153,번,22,아닌,136,샵,14,받은,80,문자,14,들어서,51,관리,8,입고,54,덤,9,받고,61,사,14,있답니다,51,검색,12,뛰,54,미군,9,해주는,42,카버,10,좋아하는,71,선물,18,드리고,76,힐링,15,간절히,40,달,10,왔다,66,집,14,건강하게,84,정부,15,했던,82,글로벌,10,있어서,11,토요일,2,탈수록,4,알맹이,1,만나,38,곳,7,해주세요,65,우리,10,하며,3,킹크,1,사로잡았던,51,피,11,가능한,27,겨울,3,비워내고,107,매트,24,하면서,67,것,10,하게,80,초보,13,되는,76,성장,18,좋아요,46,게,10,는,55,구주,8,신다면,32,저희,8,마시고,43,리폼드,9,지루하지,58,등,9,뭉친,89,체크,12,꾸준함이답이다,44,게,12,하셔서,60,체력,12,미,55,화이팅,9,하다,69,부츠,11,하시고,1,리허설,,,49,레,7,자이로,50,미뉴엣,10,부탁드려요,64,레깅스,12,싶으,53,날,11,맛있는,55,육아,10,하게,1,강동,1,하고나면,63,아카데미,9,들의,80,요기,17,가,74,만,11,않은,40,개,8,건강하고,46,홈,8,벌운
11,체험,2,아는,43,팀,8,크라,60,인천,13,않는,84,서울,20,예쁜,36,상고대,9,힘들어,59,모던,10,하다,66,번지,14,있겠죠,105,촌동,14,맞는,49,센,8,보는,61,촬영,11,와,75,연결,15,원하는,66,테,11,가,149,플로우,22,신나는,135,여성,14,입니다지,79,무용,14,부탁드려용,51,전주,8,하지,54,예정,9,입고,61,워크,14,해보세요,50,날씨,12,하러,54,부대,9,짠,42,곳,10,누르,71,밴드,18,되겠죠,76,배송,15,홍대합,39,망미,10,배워,65,명절,14,찾는,81,힘,15,입고,82,달,10,남은,11,파라다이스,2,합시다,4,관절,1,뵈었을,37,겨울,7,어떻게,65,주,10,쉽게,3,랩,1,대단하시는,51,레깅스,11,해주는,27,대회,3,함께한,106,에너지,24,움직이는,67,때,10,있고,80,참여,13,행복한,73,정동,18,나가는,45,미국,10,아닌,55,그레이시,8,입히지,32,여기,7,들을,42,호,9,했어요,57,전,9,있으며,89,옥계,12,재미있는,43,디아,12,춤추는,60,애,12,갈만,55,저녁,9,따라,69,파크,11,올,1,개,,,49,방학,7,갈,50,보,10,찍어,63,시퀀스,12,도와주는,53,이벤트,11,들의,55,자연,9,는,1,역점,1,깨운하다우리,62,싱강,9,둔,76,신청,17,되세요,73,우리,11,남다른,40,개월,8,참,46,호텔,8,즐거운
11,팀,2,온다,43,서울시,7,따라,59,카카오톡,13,다노,81,해운대,19,신나는,35,전,9,보는,59,크리스마스,10,되면,65,허리,14,꼼꼼한,104,프로,14,아니라,49,콩,8,해야,60,예고,10,소중한,75,샵,15,하러,66,케이,11,잼있는,148,젠,22,가,133,전국,14,보내고,79,명,14,간지나게,50,어린이,8,즐거운,53,모임,9,해보는,61,월일,14,보내세요,50,셋,12,는,53,거,8,가,42,만,10,싸,69,관리,18,하지,75,디,15,올어,39,마스터,10,새로운,64,오전,14,좋아하는,80,체형,15,있다는,81,빌리지,10,갔다가,11,서울,2,해주세요,4,관절염,1,진솔한,37,우리,7,입고,65,아침,10,신나게,3,박살,1,고맙습니다,50,집,11,보면,27,정진영,3,원하시는,106,성장,24,있고,65,필,10,나도,79,여기,13,좋다,73,곡,18,되는,45,헬린,10,뛰어야,54,소독,8,큰,32,구미,7,쉽게,42,클린,9,하셨습니다,57,워커힐,9,하구,89,싱,11,맞는,43,기초,12,는,59,손,12,가는,55,핫,9,했던,69,화이트,11,까사,1,봉박,,,48,올림픽,7,나오는,49,직장,10,멋진,63,뉴,12,곧아,53,마스크,11,높은,54,워킹,9,좋고,1,뮬,1,싶은거,61,조영민,9,보면,74,소마,17,시켜,71,혜택,11,따라,40,트,8,갈,46,벤트,8,좋아요
11,밤,2,입고,43,정부,7,키우기,59,명절,13,받고,81,수지,19,써,35,바이러스,9,클라,59,라인,10,다양한,63,강화,14,되어있습니다,104,여성,14,하겠습니다,48,속,7,마세요,60,영화,10,하게,75,거,14,하게,66,유아,11,나를,146,바다,21,가능하구요,131,워크,14,있으며,79,그레이스,14,춤추고,50,단증,8,해야,52,브래그,9,하였지만,61,산요,14,부드럽게,50,사이클링,12,행복한,53,팔,8,잊지,41,시즌,9,좋,69,맨즈,18,건강하고,74,백선엽,14,타고싶다,39,망미동,10,따,64,웨이트,14,넣어,79,피,15,있지만,81,내,10,신나는,11,줌,2,만나,4,초점,1,맞추어,37,킹,7,나도,64,오전,10,가서,2,일본,1,힘들었던,50,가복,11,원하는,27,중,3,할께요,106,힐링,23,했던,63,파인,10,빠르게,77,수강,13,새로운,72,수금,17,한다,44,설날,10,좋아,53,원주,8,는,32,이용,7,깨끗한,42,끝,9,채워지는,56,거,9,아름다운,89,닝,11,오셔서,42,반도네온,12,따,58,둘,11,고마워,55,수영,9,하지,68,줄,11,했던,1,코어,,,48,부탁,7,하다,48,날,9,다양한,62,코어,12,틀러,51,모집,11,맞춰,53,온난,9,주는,1,어운,,,61,이신정,9,따라,74,근육,17,가는,70,이벤트,11,꾸준히,40,번,8,나를,46,댓글,7,없이도
11,삼화,2,보자,42,유아,7,하며,58,저녁,13,했는데,79,스큐,19,는,35,골프,9,이었다,58,여기,10,와,63,전,14,빌,103,멀티,13,한,48,이번,7,마시고,60,연휴,10,있고,74,플,14,보다,64,헬스,10,힘든,145,사이드,21,할수,130,전용,14,하시고,78,명신,14,볼까,50,원투,8,먹고,51,것,9,보여,61,밸런스,14,해보고,50,후,11,도르리,53,일요일,8,많은것을,41,리조트,9,보며,66,청주,18,빈야사,73,타투,14,하게,39,눈썹,9,센,64,아침,14,좋아,79,반,15,행복한,80,인요,10,없다,10,코오롱,2,시원한,3,개장,1,들었어요,37,라이프,7,추운,64,옷,9,없음,2,팀,1,같아요,50,식단,11,입고,27,몸,3,좋다,105,취미,23,않은,62,배,10,높이는,77,누구,13,큰,72,후,17,않습니다,44,린이,10,좋고,53,앞,8,원하시는,32,울산,7,들이,42,기록,9,넓고,56,한남동,9,하지,87,박스,11,먹은,42,무대,11,배울,57,몬스터,11,뛰어라,54,맘,9,미,68,스키,10,하면,1,밸런스,,,47,초등,6,배우고,48,리얼,9,않은,61,부천,12,해야지,51,방문,11,있답니다,53,스튜디오,9,입고,1,동운,,,58,천,9,갈,74,빈,16,보는,70,후,11,받고,40,크로스,8,하다가,44,호머,7,모르게
10,중,2,하지,42,도검,7,귀여워,58,추가,13,좋,79,인터벌,18,가,34,다음,9,나와,58,트레이닝,10,모르,62,내,14,는,102,스파링,13,들의,48,앵,7,주는,58,티,10,싶으신,73,때,14,가,64,직,10,는,144,최고,20,보실수,117,탄츠,13,입니,78,신,14,나갔다,50,아침,8,먼,51,때,9,드리지,60,플로,14,되세요,50,도움,11,좋아하는,52,중급,8,해주신,40,보유,9,따뜻한,66,헬스,18,하면서,72,가족,14,따,39,반영구,9,크,63,헬,13,들의,78,특강,15,있어,80,인타,10,는,10,포,2,놀러,3,단지,1,즐기는,37,익산,7,만들어,62,때,9,마시고,2,언,1,였어요,50,스튜디오,11,알려,27,포트,3,탄탄한,104,휘경,23,큰,60,원장,10,해주신,76,워크,13,따라,71,청라,17,와,44,저녁,10,갈,53,호,8,하게,32,침산동,7,있어,41,오전,8,먹,55,견사,9,힘들어,87,구,11,보면,41,연말,11,추고,57,파티,11,하며,53,중,8,싶은,68,파티,10,넘나,1,이것,,,47,국제,6,따뜻한,48,증가,9,드려,61,정관,12,궁금하다면,51,리프팅,11,쾌적한,53,화목,9,쉬는,1,체어,,,55,기구,9,없음,74,반,16,보세요,70,소도구,11,어떻게,39,레슨,8,넘,44,드,7,마세요
10,유산소,2,길게,42,전,7,보니,57,쌤,13,입니다오,78,아메리카,18,한,34,인생,8,올라갔다,57,시암,10,즐거웠던,62,등,13,건강하게,101,새해,13,알기에,47,스터디,7,까,57,워머,10,했어요,73,워머,14,꾸준함이답,64,초등,10,크,143,파워,20,와가,117,나,13,싶은데,77,감동,14,돌아오,50,서울,7,하면서,51,단체복,9,생생하고,60,전,13,단순한,49,스마트,11,끌어,51,서울,8,될,40,눈,9,아름다운,64,이용,17,아프면,68,새해,14,팝니다,38,플,9,있으니,62,게,13,하면서,78,둔산동,15,예쁜,80,부산광역시,10,시키고,10,렉스,2,더나은,3,안,1,활기찬,36,아이,7,할수있다,62,봉담,9,신나는,2,끝,1,새로운거,49,만,10,입니,26,일시,3,미,103,전농,23,하겠습니다,60,거,10,보니,76,뮤지컬,12,하게,71,스트레스,17,싶으,43,만,10,즐겁게,52,산주,8,챌,31,지점,7,하면서,41,직장,8,않은,55,료,9,없다,87,맘,11,하시고,41,재즈,11,가서,55,선물,11,뛰는,53,스틱,8,풀어라,66,시즌,10,재밌다,1,리더스,,,47,아들,6,미,47,스플릿,9,섹시해지는,60,짐,12,하러,50,전,11,보내고,53,번,9,가능한,1,스프링보드,,,51,연습,8,되세요,73,등,16,와라,70,프로모션,11,강력한,39,환영,8,맛있는,43,페스티벌,7,하면서
10,퍼스널,2,푸,40,바보,7,하는데,57,새해,13,가능한,78,코드,17,되다,34,하산,8,새로운,57,개강,10,싶은,62,연락,13,길게,100,체력,13,않은,47,언어,7,배우고,57,센터,10,가,72,주말,14,보내시고,63,패션,10,들이,143,빈,19,드려요,116,스튜디오,13,신나는,76,왕,14,재밌게,50,안산,7,이겨,51,금지,9,드린다고,60,골반,13,는,48,라이더,11,따,49,여기,8,추고,40,강릉,9,길우,64,골반,17,하며,68,단체,14,타기,38,센텀,9,없다,62,배,13,가능한,76,집,15,챙김,80,사상구,10,와서,10,것,2,지나더,3,거,1,챙기세요,36,트레,7,큰,62,복발,9,오셔서,2,실크,1,배울수있어서,49,전,10,꼼꼼하게,26,플로팅,3,올,103,김남희,22,하다,59,푸르지오,10,참,73,수원,12,넘나,69,이,17,좋지,43,달,10,하며,51,최고,8,보실,31,호,7,꾸,41,초기,8,끝나고,55,아침,9,받고,87,주말,11,찍어,41,매주,11,나를,53,후,11,와서,53,스트롱,8,놓치지,66,서귀포,10,좋,1,협회,,,47,동거,6,하네요,47,폴러,9,분이내,60,날,12,나도,50,천,10,어떤,52,주세,9,넘나,1,선팔,,,51,추천,8,즐거웠던,72,주말,16,보다,69,스마일,11,들의,39,보디빌딩,8,마시고,43,당신,7,입은
10,코로나,2,솔직히,40,훈련,7,가는길,57,마스크,13,하겠습니다,77,마산,17,되기까지,34,반,8,행복한,56,주,10,정확한,62,오산,13,하셔서,100,타바타,13,하게,47,교환,7,갑니다,57,발표,10,긴,72,한남동,14,미,63,동탄,10,춤춤,142,사목,18,넘게,115,안동,13,드리겠습니다,76,점,14,받은,49,천,7,가볍게,50,스트라이크,9,들과의,59,가소,13,만들어,48,코리아,11,될,49,이번,8,만든,40,호주,9,나도,63,동안,17,드려요,67,곳,14,넘,38,아이,8,할게요,61,노래,13,깨끗하고,74,대전,15,들은,80,동서,9,하다,10,야외,2,해야,3,영장,1,그램이것이,36,달동,7,쉬운,61,수영,9,하셔,2,날씨,1,아프지,49,풀,10,필요하신,25,강,3,즐겨,102,시립,22,봅니다,59,라바,10,따라,73,지니,12,즐겁게,68,경험,17,지루하고,42,야구,9,그럼,51,내,8,가벼운,31,등,7,해주세요,41,방식,8,하다가,54,나,8,메디,85,록,10,있,41,카,11,있으며,52,핏,11,하는데,53,먼지,8,마세요,66,업체,10,찾아,1,위,,,47,동락,6,올,46,플러스,9,안전한,59,카카오톡,12,벌기구,50,추가,10,노은,52,교정,9,갑니다,1,팔로우,,,50,믹,8,풀어라,72,다리,16,마세요,69,아이,11,올,39,직장,8,써,43,아트,7,다가온
10,교정,2,좋음,40,국,7,하였습니다,57,안녕,13,있어,77,코엑스,17,알려주는,34,덕유산,8,하는데,56,남미,9,춤신,61,통증,13,않습니다,100,챔피언,13,살빼는,47,특강,7,놀러,57,분당,10,않은,72,만,14,어떻게,63,팝핀,10,하려고,142,비니,18,맞춘,114,월일,13,어렵지,76,코어,14,싸,48,조대,7,지루한,50,셔츠,9,할수있는,58,리,13,들어,47,로라,11,멋진,48,수강,8,오셔서,40,빈티지,9,보니,62,프로그램,16,움직이게끔,67,잼,13,마니,38,걸,8,있,61,대표,13,나도,74,집중,15,해야지,80,남정,9,나를,10,양천,2,하는데,3,하이드로,1,타는게,35,파크,7,갈,59,입지,9,야합니다,2,바,1,차여전히,49,골프,10,아니라,25,그린,3,봅시다,100,회기역,22,연결하는,59,내,10,받고,72,졸업,12,재밌게,68,행사,17,받는,42,오랜만,9,편하게,50,환영,8,튼,31,엄궁,7,만들어,40,바벨,8,받아,53,체형,8,파는,82,프로젝트,10,해보세요,41,엄마,11,큰,51,재활,11,귀여워,52,스웨트,8,해주신,65,한강,10,만족한,1,홍천강,,,47,다이어트,6,하였습니다,46,개,9,입어요,58,만,11,본,50,사,10,같아요,50,센터,9,같아요,1,달,,,49,크루,8,빼고,71,어깨,16,있어,69,크리스마스,10,행복하게,39,참여,7,끝나고,43,키네시스,7,배우는
10,휘트니,2,는,39,겨울,7,없음,57,앞,13,소중한,76,고강,16,따라,34,듯,8,올라,56,크루,9,즐겨라,60,곳,13,즐겁게,99,오전반,13,재미없다구,46,서울,7,썬,56,줄,10,펼쳐집니다,72,오,13,안전한,61,연휴,10,받은,141,사,18,만나요,114,줌,13,인한,75,카카오톡,14,들과,48,전대,7,그램운,49,용품,9,가되,58,번,13,보니,47,사용,10,즐거운,48,댄서,8,들어,39,정개,9,멋진,61,기관,16,드리는게,66,섬수,12,여기는,38,길,8,까,61,시설,13,그램운,74,근육,15,좋다,80,보대,9,해야지,10,대표,2,되었어요,3,토요일,1,어떤,35,처음,7,가자,58,동옷,9,나도,2,리얼,1,올라가는건,49,추천,10,있어,25,래쉬,3,도망갔었음,100,장,22,바른,58,플러스,10,꾸준히,71,스트레스,11,미,68,벌,16,느끼실,42,개,9,되는,49,이벤트,7,미,30,연락,7,해야,40,위치,8,살빼기,53,미,8,하네요,82,남문,10,진해운,40,와인,11,놀러,51,삼,10,같아,52,천,8,재밌는,64,양양,10,담게하,1,아버지,,,46,동탄,6,가,45,플,9,알려,58,구찌,11,마세요,50,피티,10,알려,50,혜택,9,있,1,프로젝트,,,49,만,8,어느덧,71,날,16,는,69,골반,10,하는데,39,바,7,않게,43,싱잉,7,써
10,손,2,좋고,39,생각,7,특별한,55,삼,13,하다,75,등,16,하시고,34,개,8,보자,54,우리,9,센데이,59,협회,13,나를,98,후,13,준다,46,벨,7,싶은,55,블랙,10,어떤,71,위례,13,큰,61,오후,10,하러가,140,발급,18,입니,111,점,13,재밌게,73,재활,14,가,48,몸,7,둘다,49,추첨,9,겠습니다,57,라미,13,좋다,46,대표,10,하는데,47,술,8,달려,39,번,9,했어요,61,대기,16,배운다면,66,앞,12,하구,38,대상,8,했어요,60,대전,12,될,74,골반,14,즐겁게,79,차량,9,큰,10,북성,2,필요한,3,주말,1,건지,35,벽,6,쓰,58,복전,9,푸,2,다이어트,1,무섭지만,48,인요,10,보내,24,다이어트,3,타는데,98,주,21,보면,58,우장산역,10,해보고,70,맞춤,11,보실,68,구매,16,충분히,42,옷,9,끝나고,49,목요일,7,되겠습니다,30,트,7,보내셨나요,40,닝,8,보니,52,모집,8,빛나는,80,선,10,서,40,르,11,했는데,50,체형,10,신난,51,월일,8,했는데,64,플러스,10,작지,1,태진아,,,45,청담,6,챌,45,고급,9,와,57,환영,11,예쁜이,49,기간,10,보내세요,48,힘,9,필요한,1,보정,,,49,아산,8,드린다는,71,시퀀스,15,갑니다,68,최대,10,보니,38,네이버,7,궁금하시다면,42,인생,7,하자
10,때,2,쓰가,38,합기도,7,나도,55,층,12,다르,75,이벤트,15,즐겁게,34,끝,8,없다,54,여행지,9,추는,58,걸,13,같아요,97,기간,13,나오기만,45,전설,7,좋아,55,팔로우,9,한다,69,가로수길,13,정확한,61,프로필,10,집전주,139,이효리,18,까,109,취득,12,있으니,72,샵,14,만나,48,네이버,7,먹,48,랜덤,9,미흡한,57,월드,13,끝나고,45,도전,10,꾸준히,47,스터디,8,배우는,38,제주도,9,는,60,호,16,있어야,66,커플,12,멋진,37,엄마,8,대,60,인친,12,아니라,74,플라이,14,올,79,자살,9,즐기는,9,초점,2,자유롭게,3,반,1,궁금하셨죠,34,반스타,6,아님,57,연결,9,맛있는,2,체험,1,생김,48,번,10,건강하게,24,행사,3,좋음,97,이문,21,보니,58,신월동,9,작은,70,급,11,될,68,밀리언,16,않는,42,한강,9,않아,49,서울,7,지킬,30,소독,7,했던,39,데드,8,건강하고,52,때,8,하얗게,79,몸매,10,들께,40,자이브,11,어떻게,50,줄,10,하게,51,스트레스,8,신난다,64,이,9,미,1,아들,,,44,나,6,만나,45,국가,9,좋아,57,역북,11,타고난,48,대전,10,있을,48,힐링,9,해주셔서,1,필터,,,49,플라잉,8,놓치지,71,사요,15,자세한,68,비트,10,했어요,38,게,7,몰,42,아래,7,매데
9,공식,2,생겼다,38,거,7,찍어,55,전,12,아닌,75,경북,14,해주신,34,미세먼지,8,하다,53,할인,9,배우는,58,트레이닝,13,들을,97,주,13,잘빠진다,45,수강,7,와주세요,55,주세요,9,끝나고,69,나,13,있고,60,생각,10,쎄오,139,가목,18,드립니다지,101,발급,12,싶은,71,팔,14,좋테,48,때,7,인해,48,좌절,9,해가면서,57,요,13,먼,45,세트,10,들어,47,언어,8,드려요,38,게스트,9,멜,58,치료,16,내고,65,패셔,12,만들어,37,취미,8,미치다,60,펀,12,있고,73,등,14,충분한,77,거,9,가볼만,9,선착순,2,되,3,체육,1,왔어,34,연휴,6,아파,56,스트레칭,9,이쁜,2,데,1,땡겨서,47,저녁,10,해보세요,23,동호회,3,했으,96,장소,21,갈,58,통증,9,해야,69,연,11,그래,67,맘,16,아닌,41,셀카,9,하게,49,몸,7,있습니까,30,부평,7,쾌적한,39,스내치,8,먹고,52,팔로우,8,입니다자,79,미스,10,드릴께요,40,마지막,10,밟고,50,키,10,신나,48,칭,8,넘치는,62,환영,9,보면,1,루,,,44,필라테스,6,보다,44,다리,9,원하시는,55,몸매,11,태어나며,48,등,10,하시고,48,매트,9,건강하게,1,올해,,,48,거,8,즐기자,70,골반,15,유연하게,68,주요,10,들을,38,유지,7,드리겠습니다,41,우먼,6,참
9,프리,2,나간다,37,관,7,받았습니다,54,척추,12,아름다운,73,센터,14,늘어난,33,백록담,8,쉬운,52,주차,9,있으니,57,카카오톡,13,드릴께요,91,벤트,13,그만하고,45,토요일,7,추는,54,모델,9,보여,69,바,13,보이는,59,필라테스,9,입니,137,북지,18,하면,99,교정,12,있,70,센터,13,현명한,47,챔피언,7,뛰어,48,핀트,9,유익한,56,떼,13,참,45,디,10,였다,47,교환,8,추는,37,판매,9,넘,58,안녕,16,는,65,소,12,맞아,37,겨울,8,끌어내세요,59,투,12,들이,70,날,14,해보세요,75,이수영,9,있지만,9,삼,2,가볼만,3,한혜진,1,녹슬지,34,오디세이,6,팜,55,후,9,멋진,2,스트레스,1,앉고싶당,47,셀카,10,같아요,23,영장,3,나눠주셔서,96,환불,21,해서,58,스트레칭,9,배우고,69,디엠,11,했지만,66,마스터,16,나를,41,기,9,먹은,49,라텔,7,하셨습니다,29,예정,7,입니다오,39,드,8,튼,52,롬,8,꾸준히,78,내,10,큰,40,부천,10,엄청난,49,교정,10,들을,47,연습,7,셀기,62,괌,9,즐기자,1,때,,,44,어린이,6,하던,44,복,9,만들어,55,폴,11,깊게,48,자세,10,할게요,48,인,9,이쁜,1,나,,,48,경험,8,먹는,68,새벽,15,움직이는,68,지방,10,될,37,저녁,7,했어요,41,중,6,해야
9,검색,2,기대하시라,37,수영,7,잇,54,에스,12,놓치지,72,청담,14,바른,33,셀카,8,셀기,52,미군,9,그럼,57,앞,13,느껴,90,운영,13,멋진,44,우리,7,가는,54,만,9,건강하고,68,작업실,13,되지,58,집,9,만들어,136,오경,18,없었다,96,산토,12,들의,70,자리,13,먹고,47,매드,7,할수,48,정원,9,될수있도록,56,개월,12,한다고,44,국내,9,싶은,47,한곡,8,가는,37,인생,9,될,57,트,16,보세요,65,통선,11,해야,37,삼,8,없어서,59,마지막,12,드리는,68,새해,14,가고,75,렉스,9,있거나,9,여름,2,즐기면서,3,체험,1,않는,34,패스,6,보니,55,수원,9,되,2,산타,1,배고파,46,주세요,10,마세요,22,바다,3,하다,94,집중,21,소중한,57,할인,9,했어요,69,이번,10,들어,66,코치,16,싶은,41,회복,9,뛰게,49,컨트롤,7,본,29,프로그램,7,댄마,38,버피,8,될,51,어깨,8,큰,78,울산,10,오테,39,출구,10,커,49,체육,10,먹,47,앞,7,행복한,62,힐링,9,따뜻한,1,폭포,,,43,우리,6,가능한,44,플립,9,뜨끈한,55,박스,11,아무런,48,바이러스,10,가합,46,신청,9,좋다,1,찍,,,47,프로그램,8,신난다,67,자신,15,만들어,67,미안,10,했던,37,경기,7,시켜,41,이후,6,있다는
9,아침,2,들어와야,37,인천,7,봅니다,54,제주,12,입니,71,선,14,만나,32,선자령,8,다양한,52,부대,9,궁금하신,57,움직임,13,편하게,88,초등,13,역다어,43,남미,7,되면,53,거,9,먹고,68,아래쪽,13,받아,58,딩,9,찍어,135,안동,17,어렵지,95,리얼,12,뵐,70,청,13,신나게,45,살,7,줍,47,예리,9,웃으면서,55,핫요가,12,입니당,44,강진,9,쏘,47,벨,8,할수,37,한국,8,맛있는,57,수련,16,들이,64,물놀,11,참,37,코로나,8,하며,59,누구,12,합시다,68,전요,14,새로운,74,피티,9,꾸,9,아들,2,바쁘다,3,선착순,1,되,33,개,6,받으세요,55,곳,9,들의,2,크로스,1,느끼고,46,예약,10,와,22,태,3,느낄,93,쿨라,20,아니라,57,마레,9,건강하게,68,컬,10,즐거운,65,날,16,신나고,41,업,9,새로운,48,가드,7,않도록,29,재활,6,쓰,37,초보,8,만나기,50,날,8,필요한,77,대학교,10,빼고,39,마르코스,10,만들어,48,남매,10,신남,47,것,7,좋다,61,중,9,챌,1,강,,,43,졸업,6,힘든,43,하나,9,아닌,54,것,11,갖지,48,홈,10,하시는게,46,스트레칭,9,했는데,1,람,,,46,춤,8,하구,66,곳,15,같아요,67,양요,10,멋진,37,세트,7,하는데,41,육,6,따라
9,금요일,2,되지만,37,심사,7,검도수련,54,워크,12,하셔서,70,서면,14,될,32,인물,8,있었다,52,한곡,9,예쁜,57,운동복,13,하겠습니다,87,트,13,합시다,43,생일,7,춤추기,53,번,9,했더니,68,요선,12,만든,57,마포,9,하며,135,실크,17,보셨나요,92,핫요가,12,뛰자,70,워크,13,하면서,45,우리,6,가서,47,단,9,달려가겠습니다,53,저,12,감사한,44,위프,9,했는데,46,남미,8,되면,37,업,8,되,56,타운,16,나누는,64,나주,11,새로운,37,핫,8,힘들다,58,트레이너,12,되며,67,요기,13,보내시고,74,엄마,9,대,9,때,2,나도,3,주세요,1,했는데요,33,과제,6,가,55,운동복,9,편하게,2,맘,1,해야지,46,보테,10,즐거운,22,신청,3,가더,93,이완,20,했어요,56,눈,9,보내시고,68,점수,10,있었던,65,장판,16,쉽고,40,자전거,9,어떻게,48,등,7,하며,29,에어로빅,6,하셔야죠,37,빌딩,8,힘들다,49,우리,8,귀여워,77,펌프,10,힘들다,39,베스트,10,있던,48,부탁,10,신나고,47,민락동,7,까,61,살,9,만나,1,한강,,,42,크리스마스,6,함께한,43,것,9,높은,54,가요,11,않는다,47,저,10,돼요,46,시반,9,아니라,1,소화,,,45,천점,8,있다,66,다이어트,15,가하는,66,효과,10,늦은,36,머신,7,챙겨,41,씨,6,끝나고
9,셋,2,고마워용,37,지도,7,쓰고,53,어깨,12,둔,70,휘트니,13,기대하셔도,32,드로잉,8,갬,51,완성,9,아시나요,56,안녕,12,오는,85,협회,13,해주세요,43,신년,6,본,52,클래식,9,미,67,벤트,12,보니,57,재즈,9,입고,133,에스에스,17,새롭게,92,가을,12,어렵거나,70,피티,13,받고,44,바이러스,6,마시고,47,유니크,9,아파,53,만,12,입니,44,팁,9,젊은,46,셀피,8,고마워,36,레벨,8,소중한,56,골프,16,쉽게,64,세븐,11,입고,37,곳,8,꾸,58,저녁,12,신나는,67,포스터,13,얼리,72,집,9,해주신,9,엄마,2,터지는,3,강화,1,있으신,32,보드,6,대더,55,커피,9,넘나,2,스플릿,1,모르는,46,가로수길,10,있을,21,기업,3,있었다,92,인,20,얼라이,56,마스터,9,느껴,67,커피,10,하지,65,연말,15,유명한,40,골프,9,가고,48,거,7,하면서,29,챌린지,6,있다,36,누구,8,입으면,48,성장,8,하겠습니다,77,팀,10,좋아,38,집,10,봐,48,길,10,타는,46,아침,7,하면,61,홈페이지,9,즐겁게,1,듯,,,41,주,6,해야,43,호,9,바라는,54,샤넬,11,자유롭게,46,앞,10,소소한,46,르,9,해보세요,1,자극,,,45,스필,8,빠져,65,하나,14,만나요,66,범계,10,시원하게,36,인친,7,아니라,41,명,6,반하게
9,전북,2,넘,36,대표,6,부는,53,프로필,12,가르치는,70,마케팅,13,좋습니다,32,책,8,내린,51,단체,9,출수있으며,55,산전,12,입니다오,84,생활,12,하시고,42,중급,6,있죠,52,플러스,9,될,65,천,12,올바른,57,스타일,9,끝나고,130,월일,17,찾아,91,샤,12,하기가,66,장비,13,하시고,44,직장,6,놀러,47,키키,9,한,53,길,12,원하시면,44,프로젝트,9,나를,46,완성,8,아니라,35,레슨,8,했던,56,것,15,보내셨나요,64,만,11,해주세요,37,얼,8,좋다,57,울산,12,먹는,67,윙스,13,끝나고,71,밸리,9,멋진,9,영장,2,좋아,3,시청,1,있다고,32,건,6,어떤,53,번,9,할수,2,회전,1,했고,46,명찰,10,한다,21,금액,3,입고,92,거,20,작은,56,산전,9,보면,66,등,10,하면서,65,이원종,15,치뤄지는,40,천,9,나를,48,훈련,7,좋다,28,지니어스,6,부라주,36,모집,8,어떤,48,서버,8,놓치지,76,감량,10,가서,38,차,10,할수,48,게,10,놀아,45,팔,7,젊,60,정개,9,만들어,1,수고,,,41,예약,5,많으셨습니다,43,수원,8,있다,53,카요,11,가도록,46,주세요,10,좋아,45,번지,9,들어,1,피티,,,45,라인,8,봅시다,64,주,14,편안하게,63,회,10,하시고,36,코로나,7,쓰고,40,슬로건,6,예쁜
9,취미,2,있어,36,모습,6,했지만,53,만,11,만들고,69,맨즈,13,많아진,32,오랜만,8,넘,50,인생,9,떨어졌다,55,골든,12,줍니다,83,수완,12,가볍게,42,트레이닝,6,잊지,52,등,9,입으실,63,프로그램,12,했는데,56,선,9,되니,127,희,16,듣는,90,바,12,힘드신가요,66,것,13,해보세요,44,체육,6,알기에,46,피드,8,해보세요,53,아로마,12,넘,44,제공,9,추운,46,운영,8,살세라,35,개,8,싶은데,56,민간,15,가,64,노블,10,보는,37,다이빙,7,는,57,스스,12,높은,66,길,13,썬,69,때,9,할수,9,다리,2,만나다,3,화요일,1,내려가서,32,트레이닝,6,좋다,53,의상,9,쾌적한,2,월요일,1,그립다,45,딩,9,하다,21,투어,3,넘,91,아사,20,부드럽고,56,산후,9,들어오셔서,66,곡선,10,받으세요,64,상당,15,뛰기만,40,후,9,뛰면,47,도장,7,죽전,28,번지,6,해주시길,36,속옷,8,싫어,48,부탁,8,마세요,75,시대,10,있다,38,안산,10,이었다,46,설날,10,되,44,주,7,하는지,60,현지,9,서,1,연정,,,41,방문,5,탄,42,위,8,참,53,메가,11,만질,45,힐링,10,없음,45,가족,8,대,1,몸짱,,,43,후,8,드릴께요,63,피,14,만나,63,카카오톡,10,큰,36,집,7,하였습니다,40,추천,6,쉬는
9,최고,2,바꾸고자,36,체육관,6,했어요,53,통증,11,봐요,69,화명,13,드리겠습니다,32,청계산,8,입고,49,삼바,9,붙었다,54,이벤트,12,내쉬는,82,거리,12,끝나고,41,셀피,6,즐겨,52,드레스,9,드릴게요,63,전,12,쑤,55,짐,9,맞춰,125,작품,15,즐거운,87,아크로바틱,12,망설여지세요,65,신선,13,자다,42,기능,6,힘들고,46,퍼펙트,8,하자,52,마스,12,아니라,44,회복,9,감사하고,46,달,7,했어요,35,드로잉,8,편하게,56,다리,15,새로운,64,리안,10,행복한,36,사전,7,가능하며,56,설,12,없,66,해부학,13,되,67,몸짱,9,해주세요,9,아패,2,즐거운,3,화목,1,했잖아요,32,산동,6,하는아기,52,주말,8,있고,2,위,1,배우고싶다,45,트,9,않게,20,자연,3,살리고,91,토요일,20,느린,56,산자이,9,풀리,66,해결,10,하시면,62,무리,15,하였으니,40,인터벌,8,서,47,매트,6,고마워,28,곳,6,신나고,35,풀,8,죽전,47,관리,8,참,75,천,10,달려,38,곳,10,있었다,45,개띠,9,해주신,43,번,7,궁금하,60,나,8,될,1,매저,,,39,반,5,해보고,42,폴링,8,했던,52,뉴코아,11,쓸수는,45,마지막,9,들은,45,유준,8,하지,1,델리,,,43,힘,8,하러,63,가원,14,아름다운,62,노형,10,만들어,35,눈,7,하려고,40,먼스,6,건강한
9,시티,2,팠습니다,36,덕소,6,있다,53,프로그램,11,정확한,69,도청,13,하여전,32,건,8,아름다운,48,전설,9,있으며,54,폼,12,와,81,광장,12,쓰,41,샵,6,놀아,51,정자동,9,마세요,63,아카데미,12,끝나고,54,몸치,9,대,123,민,15,했었죠,87,처,12,궁금하세요,64,초보,13,듣는,42,타이거,6,마세요,45,전,8,재밌다,52,기능,12,가릴라,43,업,9,챌,45,때,7,춤추고,34,송,8,하게,56,체험,15,될,63,초보,10,하다,36,추천,7,쑨,55,엄마,11,올려,64,주,13,해야,64,날,9,어려운,9,한혜진,2,비싸,3,매력,1,본이,32,이킹,6,힘들다,52,미스터,8,독한,2,추억,1,대단한,45,눈,9,하시면,20,강습,3,하고나면,90,할인,20,온전히,56,강화,9,내자이로,66,역,10,편리하게,62,공주,15,즐겨주세요,39,가민,8,나도,46,저녁,6,강한,28,명절,6,보니,35,울산,8,강한,46,마스터,7,있는데,74,평일,10,예쁜,38,밤,9,먹고,45,키즈카,9,보세요,43,거,7,만나요,59,윈드,8,좋고,1,마무리,,,39,자세,5,어떤,41,급,8,보니,52,아울렛,11,해주세요,45,코로나,9,찐,45,꼬끄,8,하시게,1,모델,,,43,이,8,받으세요,63,구요,14,않게,62,재활,10,들이,34,줄,6,커,40,잇,6,왔던
9,면역력,2,가고,35,생활,6,했던,53,산전,11,맛있는,68,경성,13,신통합,32,엄마,8,갔다,48,프로필,9,대,53,골프,12,한다,80,미스터,12,써,41,발표회,6,봐요,50,서울,9,알려,62,뷰티,12,하면서,54,촬영,9,새로운,122,예약,15,들어오는,84,포미,12,않습니다,64,혜,12,들은,42,등,6,단련,44,내,8,될,51,주말,12,큰,43,환영,9,했던,44,살,7,남은,34,생각,8,재밌게,56,폼,14,주세용,63,핸드,10,할수,36,리뉴,7,힘든,55,키,11,들에게,64,만,13,유연하게,61,위치,9,했어,9,승무원,2,시원하게,3,저,1,갖춘,32,파랑,6,즐겁게,52,트롯,8,빠집니다,2,공중,1,보고싶다,45,헤어,9,는,20,운,3,하셨습니다,89,필요,20,평온한,56,트,9,하셔서,66,즈,10,배우기,62,반신욕,15,맛있는,39,계단,8,없다,46,맘,6,떼라,27,주세요,6,오셔서,34,파워,7,하는데,45,프리,7,예쁜,72,경북,10,둔,37,강남,9,신나게,44,체험,9,따라,43,해운대,7,센,59,해수욕장,8,찍고,1,심태,,,39,오,5,해주세요,41,개월,8,없어서,52,워크,11,가본,45,템,9,오셔서,44,자세,8,큰,1,촬영,,,43,체험,8,서,63,팔,14,쉽게,61,부천,10,이쁜,34,가슴,6,꾸준함이답이다,39,영리,6,고맙습니다
8,홈페이지,2,무침,35,상무,6,먹자,52,트레이닝,11,쾌적한,67,데이,13,되찾고싶으,31,직장,8,넘나,48,샷,9,하시면,53,롤러,12,시켜,80,부평,12,대,41,샷,6,어느새,50,때,9,팜,61,전주,12,들의,54,장,9,말라,115,하나,15,단단하고,83,태리,12,짜는데,64,최초,12,바른,42,프로,6,재밌는,44,백,8,받아,51,가원,11,갑니다,42,복,9,보니,43,새해,7,있어,34,모델,8,높은,55,새해,14,가르치는,63,청,10,한,36,월성,7,편하게,55,연수동,11,행복한,63,구요,13,도와줘요,61,노,9,고마워,8,생각,2,멋진,3,딩,1,좋아,32,힘,6,뛰고,51,체육,8,먹어야죠,2,노래,1,말랐어,45,운동복,9,클라,20,날,3,짬을내서,88,등,20,정확한,56,주말,9,아름다,66,라인,9,는,62,문화,15,아님,39,새해,8,남은,46,학교,6,해보세요,27,날,6,맞는,34,서면,7,하면서,45,오프닝,7,하다가,72,전신,10,갈,37,아이레스,9,보세,44,방,9,따,42,최고,7,지를,58,울산,8,새로운,1,진아,,,38,재활,5,배우는,41,가반,8,져,52,메종,11,하면서,44,에어리얼,9,예뻐지는,43,게,8,하는데,1,웨이트,,,42,코어,8,따,62,체형,14,된다,61,신규,9,있어서,34,체크,6,탄,39,캠페인,6,열린
8,리스,2,채워,35,죽도,6,배웁시다,51,선착순,11,했을,67,녀,13,새롭게,30,속,8,쓰고,48,서울,8,춤추는,52,새해,12,원하시는,80,장운동,11,싶으신,40,여행지,6,했던,49,개인,9,커진,61,센터,12,입고,53,탈출,8,신나는,115,구성,15,갖고있기,83,법,12,보내며,64,스킬,12,않은,42,호,6,분시,43,날,8,하게,50,사이드,11,필요한,42,한글,9,하지,43,날,7,보면서,34,마리스,8,힘찬,55,오,14,할수있는,61,워터,10,받자,35,아기,7,하자,54,먹방,11,찐,63,통증,13,보다,60,플러스,9,하며,8,접수,2,멋진나를,3,방문,1,눌러,32,액티브,6,재밌고,51,날,8,아니면,2,번,1,시키면,44,매트,9,보니,20,타포,3,이렇,87,중,20,나아가기,54,레벨,9,해주셔서,66,아카데미,9,와,60,새벽,15,살빼기,39,끝,8,늦게,45,혼,6,받아,27,셀카,6,하고있습니다,34,체조,7,하겠습니다,45,바,7,흰,71,밴드,10,하러,37,푸들,9,계신,43,트램펄린,9,아는,42,한국,7,두드려,57,오,8,웃으,1,요년,,,37,때,5,건지,40,맘,8,편함,51,원추,11,추운,44,스트레칭,9,빈야사,43,주,7,하셔야,1,식단,,,42,하나,8,만나,61,게,14,감사한,60,내,9,했는데,34,생각,6,맛있게,38,홀릭,6,배우러
8,프로모션,2,힘들다,34,소,6,신나게,51,포머,11,같아요,67,원주,13,뵙겠습니다,30,제작,8,오를,48,드레스,8,잊지,52,리포,12,되세요,79,히트,11,디짐,39,플레이스,6,있고,48,인친,9,말아야,60,점,12,마시고,52,다양,8,보내고,114,태리,15,배우셔야죠,80,트레이닝,12,짜여진,63,무짜,12,쉽게,41,섀도우,6,넘,43,최고,8,넘,50,어깨,11,훌륭한,42,시즌,9,한다고,43,데이,7,기를,33,핑,8,하는데,55,국가,14,큰,61,시즌,10,해주신,35,힐링,7,만들어,54,회원권,11,있다면,62,명절,13,했지만,60,지원,9,맛있는,8,아틱,2,하려고,3,완도,1,있네요,31,클레이,6,와,50,안동,8,안될것처럼,2,풍문,1,입었,44,베네타,9,있고,19,거,3,대단한,86,경험,19,받으세요,53,최대,9,아닌,66,초급,9,배울,60,홈페이지,15,아닙니다,38,서울,8,하셨습니다,45,카카오톡,6,비오,27,방문,6,와,34,안산,7,해주셔서,44,곳,7,보이는,71,쿼트,10,와,37,클래식,9,했던,43,이,9,없음,42,마스터클래스,7,입니,57,여수,8,와요,1,마지막,,,37,거,5,하지,40,마포,8,입어보고,51,아이,11,넘,43,추천,9,드릴게요,43,홈,7,피지오,1,디,,,41,날,8,멜,61,전,14,해주는,60,후배,9,있답니다,34,강남,6,함께하기에,38,유산소,6,했어요
8,고급,2,힘내자,34,회,6,할까,51,때문,11,줍니다,66,고객,13,아닌,30,산책,8,솟,47,기초,8,하게,52,국제,12,간단한,78,스퀘어,11,넘치는,39,수요일,6,있으니,48,성인,9,해야,59,연락,11,따라,52,락킹,8,해주십니다,114,주회,15,빨라,79,트,12,알려주며,63,임산부,12,춥지만,41,협회,6,신나는,42,오랜만,7,없습니다,50,환불,11,보면,42,반사,9,보십시오,43,콜,7,보세요,33,슈트,8,하면서,55,기본법,14,예쁜,61,자유,10,소중한,35,저녁,7,빠짐,53,눈,11,어떤,62,곳,13,하느라,59,워,9,배도의,8,사이판,2,없다,3,치유,1,재미있어요,31,끝,6,신나게,49,주문,8,마음먹고,1,도착,1,먹을,43,촬영,9,부드럽게,19,청시,3,입니,86,앞,19,받는,52,설,9,건강하고,65,필요,9,아름다운,60,개그우먼,15,했어요,38,글,8,따,45,바이러스,6,다치지,27,터,6,해주신,33,핫,7,맞춰서,44,애,7,쉬는,70,유아,10,기르기,36,기타,9,들어,42,리틀,9,행복한,41,스트레칭,7,해주세요,56,필라테스,8,놀고,1,날,,,37,펜,5,빠른,40,명,8,가능한,51,주세요,11,자세한,43,티,9,가건대,43,보정동,7,얼리,1,목요,,,41,근육,7,했던,60,요,14,있지만,59,때,9,보는,33,유산소,6,즐겁고,38,끝판,6,좋고
8,급,2,예쁘게,34,줄,6,있어,50,허리,10,원하시는,64,것,12,찾아,30,러닝,8,건지,47,스터디,8,신나게,51,주,12,피지오,77,트레이너,11,미루지,38,미,6,추고,48,신사동,9,되었어요,58,안산,11,크,52,힙,8,어떤,112,공간,15,비해,78,구성,12,외운,63,아이,12,예쁜,40,대회,6,쓰리,42,원정,7,참,49,배,11,해주신,42,선,8,하면서,42,추천,7,하셨습니다,33,라이프,7,있어서,55,조,14,보내고,60,환영,10,없음,35,코디,7,이었다,53,레슨,11,빠른,61,가원,13,익히기,59,에어로빅,9,아니라,8,놀이,2,아님,3,해변,1,있더냐,31,순천,6,하며,49,탈출,8,아닙니다,1,공항,1,챌,43,티,9,싶은,19,강남,3,시르,81,곳,19,인텐,52,번,9,원하는,65,리리,9,아닌,60,타임,15,싫어하시는,38,코로나,8,꾸준함,45,무술,6,좋습니다,27,샷,6,배워,33,할인,7,가능한,44,토요일,7,된다,70,전충,9,할수,36,후,9,않은,42,베이비,9,입니다오,40,이번,7,올려,55,최고,8,아름다,1,내일,,,37,청담동,5,있다,39,전,8,끌림,51,아이디,11,할수,43,당신,9,볼까,42,근육,7,되,1,순례,,,41,트레이닝,7,잼있는,58,솔,14,바르고,59,외,9,않았어요,33,제품,6,돌아온,38,외,6,없어
8,렌탈,2,피곤한,34,예절,6,이었습니다,50,힘,10,인해,63,땀,12,소중한,30,맛,7,싶은,47,언어,8,감사해요,51,벤트,12,오셔서,77,오,11,큰,38,팀,6,오셔서,48,발레스타,9,하시면,58,청담,11,찐,51,마을,8,했는데,111,맘,15,있으며,75,다양,12,다릅니다,62,겨울,12,단단,40,압구정,6,키울수있는,41,유니폼,7,오셔서,49,할인,11,하셨습니다,42,라이프,8,쳐,42,전설,7,이었다,32,국제,7,보면,55,항,14,하러,60,모비스,10,아닌,35,디자인,7,끈수,53,하나,11,가능하십니다,60,전,12,쉬운,59,학교,8,해보자,8,필라테스,2,한,3,필라테스,1,받으며,31,단체,6,아름다운,48,대회,8,많아요,1,휴가,1,하던,42,트레이닝,9,좋아하는,19,초수,3,개운하게,81,길,19,가릴라,51,임산부,8,올,65,계동,9,한다,60,오리지널,15,전화하세요,37,방지,8,인해,45,손,6,하였습니다,26,음악,6,하시고,33,리프트,7,만들고,44,공부,7,긴,70,남공주,9,자세한,36,저녁,9,되지,41,가족,9,갈,39,도전,7,나면,55,업,8,고마워,1,동호회,,,36,마지막,5,먹,39,수강,8,믿고,51,소사,11,꾸준히,43,장기동,9,반하다서,41,강좌,7,즐기는,1,푸,,,41,주,7,좋다,58,척추,14,고운,58,카르니틴,9,아니라,33,소독,6,두둑히,38,보타,5,즐거웠던
8,고구마,2,먹으러,34,강서,6,즐겁다,49,추천,10,원하는,62,줌,12,나를,29,추천,7,작은,47,교환,8,해주는,51,복부,12,가릴라,77,바,11,들은,38,하바나,6,달려,48,오디션,9,보면,56,선물,11,피지오,51,내,8,궁금하신,110,보,15,튼,74,보,12,연결해,62,춤집,12,업운,40,인생,6,없습니다,41,구매,7,있다,48,자신,11,있어서,41,겨울,8,아니라,42,라인,7,해보고,32,게,7,해야,55,공신력,14,마시고,59,생각,9,커,35,끝,7,되었다,51,셀피,11,쨈,59,홈,12,나도,58,카카오톡,8,만나,8,곳,2,는,3,호텔,1,시켜,31,직장,5,하러,48,작품,8,되시면,1,때,1,열어,42,해외,9,주는,18,것,3,힘든,81,마무리,19,기울여,51,서울,8,않게,65,레슨,9,주는,59,트레이너,15,돌아왔다,37,등산,8,아파서,44,끝,6,하는데,26,노력,6,드려요,33,선,7,클라,44,만,7,아니라,70,바레,9,한다,36,제,9,아시나요,41,미끄럼틀,9,않은,38,오후,7,는,55,화창,8,떠납니다,1,태그,,,36,영향,5,되었다,39,끝,8,한다,50,주말,11,지피,42,매트,9,챈,40,다리,7,하면서,1,산책,,,41,점,7,봐도,57,안,14,있어서,57,공간,9,어떤,33,명,6,모아,38,닉,5,배울
8,게,2,샐러,34,중학교,6,할수있는,49,동안,10,보다,61,만,12,아름다운,29,차,7,다녀온,47,홍,8,이쁜,51,동안,12,챙김,77,팔로우,11,미,38,이태원,6,배우는,48,코디,9,하지,55,강남,11,좋,51,선물,8,있으니,109,법,14,다릅니다,72,아리아,12,더해가며,61,중급,12,들어오는,39,업,6,하자,41,브런스,7,없음,48,법,11,될,41,점,8,좋다,42,줌,7,크,32,스쿠버,7,버린,55,허리,14,감사해요,59,센터,9,소소한,35,수경,7,될,51,스튜디오,11,담아,58,프라이머리,12,쓰지,58,어린,8,보자,8,국내,2,달려,3,빅수,1,했어요,31,날씨,5,먹,48,층,8,정중히,1,개선문,1,나가거든,42,디자인,9,느껴,18,양양,3,하셔도,80,요요,19,오셔서,51,시흥,8,인해,64,발레리나,9,맞춰,58,크리스마스,15,있어,37,축구,8,확실히,44,승급,6,신로,26,필요,5,아닌,33,우리,7,힘들어,43,푸드,7,만나,70,부종,9,행복한,36,강좌,9,출수있으며,41,살,9,했어요,38,립스틱,7,이쁘게,55,위,8,보니,1,생략,,,36,강남구,5,했는데,39,사용,8,잇,50,짱,10,좋고,42,주차,9,만나요,39,생각,7,해봅니다,1,빙어,,,40,끝,7,갔다,57,천안,14,아닌,57,대전,9,가길음,33,인증,6,버릴,38,여행지,5,멋진
8,쌤,2,해볼까,33,환영,6,즐길수있는,49,사용,10,될,60,수정,12,들을,29,코로나,7,않아,47,기간,8,싸,51,골반,12,보면,76,매탄동,11,참,38,댄서,6,알차게,47,강화,8,하는데,55,재활,11,하지,51,날,8,희,106,세상,14,입니다지,72,몸신,12,시켜가는,61,기계,11,재밌는,39,다이어터,6,참,41,집,7,갈,48,시퀀스,11,먹고,41,장,8,와서,41,전,7,자세한,32,하나,7,배워,55,팔,14,피지오,58,하이파,9,하면서,34,아들,7,본,51,줄,11,크,58,방법,12,감사한,58,초등,8,한다,8,관리,2,어린,3,날,1,빠른,31,마지막,5,되었다,48,맘,8,안됩니다,1,용,1,아니에요,41,필요,9,가는,18,페스티벌,3,돼요,80,하나,19,맞는,50,팔,8,맞아,64,밴드,9,해야,57,연락,15,들을,37,환영,8,갬,44,브라,6,보니,26,머신,5,하셨던,33,트레이너,7,대,43,신청,7,하러,70,면역,9,받으세요,36,주,9,떨어졌다,40,시점,9,하지,38,열정,6,끝나고,54,만,8,는,1,야외,,,36,북초,5,해주셔서,39,성공,8,이쁘게,50,수지,10,할께요,42,인천,9,만나는,39,팔,7,되겠습니다,1,인신,,,40,강모,7,해주는,56,말,14,보려,56,산본,9,보자,33,단백질,6,달려주실거라면,38,관광지,5,될
8,마지막,2,입니,33,선물,6,했어,49,맘,10,시켜,60,양점,12,느껴,29,데,7,주는,46,탑,7,가,51,바벨,12,보내세요,76,효원,11,먹고,37,합정,6,죽어,47,개월,8,아름답게,55,주문,11,마세요,51,마마,7,웃는아이,103,유산소,14,재되,71,카카오톡,12,없으며,60,카카오,11,드려요,39,필라테스,6,보세요,40,월일,7,이쁜,48,앞,11,있다,41,몸짱,8,보다,40,우리,7,했던,31,일출,7,가서,55,통증,13,뜨,57,프리다이빙,9,뵙겠습니다,34,가요,7,서,50,닝,11,시켜,57,쌤,12,미,57,번,8,같아,8,관절염,2,가능한,3,퓨,1,가능하니,31,프로필,5,힘들었다,47,어린이,8,안좋아,1,르,1,댑,40,구미,9,해야지,18,분토,3,행복해,80,무브먼트,19,가진,50,인스,8,쉽고,63,중,9,있었다,57,부천,15,만들어,37,우리,8,뛰용,44,코로나,6,하다,26,장소,5,신나는,32,미국,7,없다,43,개,7,주는,69,프로필,9,맞춰,35,한국,9,붙었다,40,노력,9,했어,38,엠,6,되,54,차,8,큰,,,,,36,번,5,감사해요,38,집,8,없다,49,지요,10,있어,42,창원,9,드려요,39,트레이닝,7,해야지,1,룩,,,40,때,7,쑤,56,동안,14,할수,56,방문,9,따뜻하게,33,날,6,원하시면,38,한국관광공사,5,싶은
8,주,2,쏘마,33,정신,5,해주셔서,48,할인,10,했더니,60,활용,12,마세요,28,아빠,7,쌓인,46,모델,7,마세요,50,호흡,11,얼리,76,매원,11,새로운,37,추천,6,찐,47,딸,8,드려요,55,쌤,11,않아요,51,것,7,마세요,102,모집,14,저렴한,70,우리,12,먹고,59,때,11,남은,39,한국,6,짐노,39,등,7,좋고,48,날,11,달리니요,41,청라,8,받는,40,여행지,7,싶은,31,죽도,7,어떤,54,이벤트,13,하겠습니다,56,거,9,되세요,34,수린,7,나를,50,새해,11,먹으면,57,자신,12,받아,56,원회,8,감사하고,8,점,2,만나는,3,리얼,1,무섭지만,30,게,5,하다가,47,펌프,8,해야되,1,회전목마,1,찐한,40,선,9,시켜,18,집중,3,보이는,80,강,19,줍니다,50,판교,8,입니,63,학교,9,즐길,57,몸,15,건강하게,36,바퀴,8,될,43,것,6,행복한,26,핫,5,받으세요,32,개인,7,탄,42,아이,6,높은,67,수원,9,먹,35,소셜,9,출수,40,열정,9,가고,37,땀,6,보니,54,몸,7,보러,,,,,34,제작,5,해주신,38,복근,8,짜,48,식단,10,하게,42,예약,9,찍어,38,체형,7,좋지만,1,스타일리시,,,39,매력,7,빠른,56,허리,14,않는다,55,날,9,비움,32,삼,6,본,38,스타스,5,완벽한
8,분당,2,힘들어도,33,칼리,5,검재,48,매트,10,있고,60,안무,11,참,28,커피,7,쉽게,44,때,7,즐겨,50,수원,11,들은,76,고덕동,10,미쳤다,37,친목,6,보면,46,레드,8,두고,54,맘,11,받고,50,번,7,하러,99,아크로바틱,14,다뤄,69,신청,12,맞게,58,쏭,11,가능한,39,코로나,6,새로운,39,레슨,7,치러,47,테,11,열어,41,피로,8,아니,40,샷,7,와주세요,31,예약,7,배우고,54,롤러,13,자세한,55,청평,9,좋아,33,어깨,7,덮,50,손,11,와서,56,팔,12,하겠습니다,56,텍스,8,넘나,7,주말,2,시키는,3,여과기,1,함,30,오랜만,5,넘나,47,웨이트,8,힘드,1,속도,1,어정쩡하게,40,사나,9,줍니다,17,촬영,3,즐겨주신,79,김포,19,가합,50,최고,8,따뜻한,63,링크,9,할수,56,대표,14,편하게,36,황사,7,인한,42,직장,6,입니,26,트레이너,5,하려고,32,파트너,7,좋다,42,얼라인,6,했네요,67,세종,9,않는다,35,직장,9,넘나,40,기구,9,있다,37,연두,6,되니,54,날,7,대,,,,,33,아토,5,예쁜,38,오랜만,8,끄,48,강화,10,챌,41,시퀀스,9,되,37,점,7,만나,1,안감,,,39,원장,7,만나면,55,청주,14,지닌,55,감량,9,좋다,32,터,6,만들어졌습니다,37,우,5,되었던
8,스튜디오,2,하자,33,관리,5,드립니다대,48,호,10,나를,59,유니버스,11,아니라,28,서울,7,걷고,44,에버,7,오셔서,50,정부,11,부탁드려요,75,월일,10,없다,37,패턴,6,올,46,튜,8,편하게,53,아이,10,입으실,50,벤트,7,하실수,98,몸매,14,싶은데,69,발레,12,다양하고,56,방학,11,와,38,출구,6,귀여운,39,윅,7,있다는,47,이태원,11,보세요,40,휠,8,고맙고,40,콩,7,즐기는,30,드론,7,들의,53,정확,13,찾아,55,개인,9,따뜻한,33,맛,6,돼,49,동안,10,없다,56,인도,12,갈,56,지구,8,주셔서,7,끝,2,하다가,3,관상어,1,짜,30,때,5,내려,46,시티,8,해드릴게요,1,어젠,1,성공한,40,셀피,8,챙겨,17,가요,3,행복한,79,이벤트,19,보다,50,협회,8,좋아,63,유아,8,싶으신,56,끝,14,보자,36,구입,7,뛰니,42,퍼플,6,따,26,효과,5,할수있는,31,저녁,7,하며,42,줌,6,열린,65,공주시,9,입고,35,부,9,뜨,40,어린이집,9,편하게,37,만,6,없다,54,부호,7,좋았다,,,,,32,단체,4,받은,38,비키니,8,갖지,48,라임,10,재밌게,41,샵,9,멋진,36,앞,7,자세한,1,기모,,,39,곳,7,편안하게,55,데이,14,하자,54,선물,9,힘든,32,우리,6,부탁드려요,37,체험,5,만들고
8,춘천,2,그러니,33,본관,5,봐,48,듀엣,10,했던,58,김선희,11,틈틈히,28,데이트,7,갔는데,44,레슨,7,하면서,50,몬스터,11,해야,74,저희,10,지루하지,37,선,6,있다면,46,손,8,따라,52,한국,10,왔어요,50,등,7,이쁜,98,최초,14,드리겠습니다,68,주말,11,아니라,56,전,11,할게요,38,핫,6,크라,39,맞,7,올립니다,46,하나,11,했지만,40,집,8,해야,39,블랙,7,좋다,30,웨이크,7,가고,53,커플,12,해주신,54,풀,8,이쁜,33,예약,6,와,49,회,10,좋다,55,빈,12,부드럽게,55,노원역,8,들이,7,라이,2,아니,3,링,1,해보자,30,날,5,아프다,46,신인선,8,하게,1,스파르타,1,안자고,40,피드,8,되구요,17,날씨,3,이었습니다,79,산요,19,감사한,49,어깨,8,큰,62,우리,8,해주신,56,식사,14,해주고,36,기간,7,보면,42,후,6,밀기,26,대전,5,느껴,31,남,7,그립,42,재활,6,없어,65,컨,9,먹었으니,35,냥,9,아닌,40,주,9,해주고,36,기,6,새로,54,국문,7,타기,,,,,32,등부,4,나서,38,개인,8,어떠한,48,내,10,좋다,41,손,9,했던,35,가요,7,썬,1,전국,,,39,문자,7,빠진,54,명절,14,다를,54,층,9,하겠습니다,32,최고,6,되는신,36,브라이언트,5,보이는
8,이용,2,였어요,32,앞,5,하니,48,플러스,10,빠른,58,강화,11,들어,27,종주,7,왔다,42,팔,7,들이,49,날,11,않는,72,거,10,아닌,37,라인,6,되는,45,필수,8,올려,52,짐,10,배워,50,천,7,됩니다데,98,반,14,받고,66,도청,11,나도,56,지사,11,보면,38,피티,6,있으며,39,생각,7,한다,46,외,11,챌,40,게,8,좋아,39,복,7,들이,29,클래식,7,하겠습니다,52,듀엣,12,되어있습니다,54,코리아,8,와서,33,선,6,가자,49,맛,10,해가든,55,일기,12,봅니다,55,신대,8,가져,7,옆,2,넘나,3,건,1,타면,30,캠핑,5,드리는,46,방학동,8,한다,1,처음,1,휘둘러,39,손,8,되도록,16,배,3,좋,78,날,19,배워,49,본점,8,하다,62,프로필,8,하겠습니다,55,라이프,13,출,36,데,7,대,42,합기도,6,만들어,26,동탄,5,해주는,31,몸짱,7,짧은,41,파티,6,허,65,멀티,9,즐겁고,35,자유,9,가,39,시티,8,젊,36,추억,6,챌,54,아이디,7,즐길,,,,,32,트레이닝,4,같아,38,참가,8,쓰,48,프로필,10,갈,41,식단,9,아프지,35,움직임,7,있을,1,택배,,,38,송년,7,있으니,54,만,13,건강하게,54,개인,9,싶은,32,샐러드,6,짜잔,35,이색,5,본
