3594,필라테스
2710,자이로
2248,토닉
1127,운동
487,키네시스
449,교정
397,재활
369,강사
350,레슨
307,트레이닝
303,부산
293,센터
287,기구
281,그룹
262,청담
227,교육
225,창업
216,스튜디오
215,수업
194,자격증
193,바디
190,요가
184,시간
183,아치
175,강서구
174,니스
173,그래비티
172,화곡
171,피트
169,체형
168,몸
163,토탈
156,자세
143,다이어트
143,압구정
140,회원
136,건강
127,개인
125,대구
123,그램
112,국제
111,머신
110,문
109,주회
107,우리
107,시작
104,코스
104,선생
103,점
102,진행
100,척추
99,기능
98,오후
98,감사
97,짐
96,스탓
96,아파트
95,오전
93,해운대
93,오
91,오늘
91,마린
91,시티
89,클래식
87,지도자
85,필라
85,브랜드
84,선수
83,청
82,나
82,발레
82,인증
80,클래스
80,예약
79,프로그램
79,중
78,일산
77,가능
76,폴
76,새해
75,모던
75,여자
74,잉고
74,짐코리
74,퍼스트
73,오픈
73,청담동
72,프라이빗
69,연휴
69,움직임
68,근육
67,것
67,동작
67,때
65,필
65,키즈
63,파인
62,상담
62,배
60,원장
1141,자이로
94,새로운
60,좋은
48,많은
47,들
44,보세요
43,잘
43,건강한
42,자세한
42,감사합니다
41,받으세요
40,주세요
35,된
35,해보세요
34,느끼고
31,되는
28,하고
28,좋아요
25,즐거운
24,하시는
23,넘
22,하지
21,먹고
21,되어
21,미
20,해주세요
20,하시면
19,메디
19,다양한
19,한
19,드립니다
19,싫을
18,크
18,하며
17,함께하세요
17,커
17,하면
17,만나
17,예쁜
17,않고
16,와
16,해서
15,들의
15,되고
15,행복한
14,하러
14,바랍니다
14,하겠습니다
14,하시고
14,높은
14,서래
13,만들어
13,가
13,얼리
13,하신
12,만나요
12,있어
12,하면서
12,감사해요
12,좋아하는
12,확실한
12,했습니다
12,믿고
12,될
12,주는
11,가능한
11,해요
11,마세요
11,아니라
11,시켜
11,했던
11,들이
10,찐
10,시원하게
10,하게
10,있고
10,나도
10,빠르게
10,높이는
10,해주신
10,하실
10,보니
10,참
10,따라
10,받고
10,꾸준히
10,해보고
9,작은
9,해야
9,배우고
9,했어요
9,건강하게
9,보내시고
9,느껴
9,보면
9,들어오셔서
9,풀리
9,내자이로
9,하셔서
9,아름다
