19,필라테스
15,기부
10,운동
6,그램
6,다이어트
6,후드
6,수익금
5,바디
5,구미
5,회원
4,일상
4,시즌
4,사업
4,감사
3,룩스
3,점
3,눈
3,인바디
3,데일리
3,팔
3,중
3,헬스
3,요가
3,티
3,아디
3,구매
3,진행
3,제작
3,단가
3,판매
3,신도림
2,천
2,호
2,여자
2,기구
2,강사
2,사진첩
2,구경
2,프로필
2,빵
2,화보
2,트레이닝
2,오
2,문
2,인친
2,바람막이
2,동복
2,아침
2,사항
2,당시
2,약속
2,방법
2,생각
2,초록
2,우산
2,담당자
2,학생
2,밴드
2,자수
2,기부금
2,우리
2,후
2,내역
2,리포
2,홈
2,측정
2,구로
2,추천
1,시작
1,뒤
1,모습
1,게
1,서울
1,강남
1,천호
1,강동
1,역점
1,뮬
1,어운
1,동운
1,체어
1,스프링보드
1,선팔
1,팔로우
1,달
1,프로젝트
1,보정
1,필터
1,올해
1,나
1,찍
1,람
1,소화
1,자극
1,사진
1,피티
1,카페
1,맛집
1,몸짱
1,델리
3,하게
2,좋아요
2,들께
2,드립니다
1,달라진
1,들고
1,찾아올게요
1,재밌어
1,좋아
1,이뻐
1,버렸
1,먹고
1,시키면서
1,푸
1,들이
1,잡으러
1,입고
1,잘
1,어울려요
1,아노
1,예뻐요
1,끊어
1,따
1,했었죠
1,하겠다고
1,드렸었습니다
1,하던
1,했었던
1,되었습니다
1,되었구요
1,해주는
1,하려
1,두었으니
1,어떤
1,읽어
1,보실
1,그럼
1,까요
1,이었지만
1,하셨습니다
1,하지
1,않으셨지만
1,해주신
1,계셨답니다
1,하겠습니다
1,감사합니다기
1,들께서
1,된
1,정확한
1,받고싶다고도
1,두었으며
1,받았습니다
1,받는대로
1,알려
1,드리겠습니다
1,감사합니다
1,클
1,받아
1,본
1,좋긴
1,좋구나
1,나누고
1,받을
1,있었던
1,끝나고
1,하고나면
1,깨운하다우리
1,하고
1,싶은거
